<?xml version="1.0" encoding="utf-8"?>
<edmx:Edmx Version="1.0" xmlns:edmx="http://schemas.microsoft.com/ado/2007/06/edmx"
	xmlns:m="http://schemas.microsoft.com/ado/2007/08/dataservices/metadata" xmlns:sap="http://www.sap.com/Protocols/SAPData">
	<edmx:DataServices m:DataServiceVersion="2.0">
		<Schema Namespace="YMSD_GST_PAY_SRV_01" xml:lang="en" sap:schema-version="1" xmlns="http://schemas.microsoft.com/ado/2008/09/edm">
			<EntityType Name="Global" sap:content-version="1">
				<Key><PropertyRef Name="Snro"/></Key><Property Name="Snro" Type="Edm.String" Nullable="false" MaxLength="10" sap:unicode="false" sap:label="Object name" sap:creatable="false"
					sap:updatable="false" sap:sortable="false" sap:filterable="false"/><Property Name="Coid" Type="Edm.String" Nullable="false" MaxLength="8" sap:unicode="false" sap:label="Personnel No." sap:creatable="false"
					sap:updatable="false" sap:sortable="false" sap:filterable="false"/><Property Name="Copersnum" Type="Edm.String" Nullable="false" MaxLength="8" sap:unicode="false" sap:label="Personnel No."
					sap:creatable="false" sap:updatable="false" sap:sortable="false" sap:filterable="false"/><Property Name="Coname" Type="Edm.String" Nullable="false" MaxLength="40" sap:unicode="false" sap:label="First name" sap:creatable="false"
					sap:updatable="false" sap:sortable="false" sap:filterable="false"/><Property Name="Coemail" Type="Edm.String" Nullable="false" MaxLength="241" sap:unicode="false" sap:label="E-Mail Address"
					sap:creatable="false" sap:updatable="false" sap:sortable="false" sap:filterable="false"/><Property Name="Amount" Type="Edm.Int32" Nullable="false" sap:unicode="false" sap:label="Amount In Crore" sap:creatable="false"
					sap:updatable="false" sap:sortable="false" sap:filterable="false"/><Property Name="TcoeId" Type="Edm.String" Nullable="false" MaxLength="8" sap:unicode="false" sap:label="Personnel No." sap:creatable="false"
					sap:updatable="false" sap:sortable="false" sap:filterable="false"/><Property Name="TcoePersnum" Type="Edm.String" Nullable="false" MaxLength="8" sap:unicode="false" sap:label="Personnel No."
					sap:creatable="false" sap:updatable="false" sap:sortable="false" sap:filterable="false"/><Property Name="TcoeName" Type="Edm.String" Nullable="false" MaxLength="40" sap:unicode="false" sap:label="First name" sap:creatable="false"
					sap:updatable="false" sap:sortable="false" sap:filterable="false"/><Property Name="TcoeEmail" Type="Edm.String" Nullable="false" MaxLength="241" sap:unicode="false" sap:label="E-Mail Address"
					sap:creatable="false" sap:updatable="false" sap:sortable="false" sap:filterable="false"/><Property Name="CoRemarks" Type="Edm.String" Nullable="false" sap:unicode="false" sap:label="Remarks by C&amp;R" sap:creatable="false"
					sap:updatable="false" sap:sortable="false" sap:filterable="false"/><Property Name="TcoeRemarks" Type="Edm.String" Nullable="false" sap:unicode="false" sap:label="Remarks by TCOE" sap:creatable="false"
					sap:updatable="false" sap:sortable="false" sap:filterable="false"/><Property Name="Creationmonth" Type="Edm.String" Nullable="false" MaxLength="2" sap:unicode="false" sap:label="Month" sap:creatable="false"
					sap:updatable="false" sap:sortable="false" sap:filterable="false"/><Property Name="Creationdate" Type="Edm.DateTime" Precision="0" sap:unicode="false" sap:label="Date" sap:creatable="false"
					sap:updatable="false" sap:sortable="false" sap:filterable="false"/><Property Name="Attachment1" Type="Edm.Binary" Nullable="false" sap:unicode="false" sap:label="xstring" sap:creatable="false"
					sap:updatable="false" sap:sortable="false" sap:filterable="false"/><Property Name="Attachment2" Type="Edm.Binary" Nullable="false" sap:unicode="false" sap:label="xstring" sap:creatable="false"
					sap:updatable="false" sap:sortable="false" sap:filterable="false"/><Property Name="RequestFrom" Type="Edm.String" Nullable="false" MaxLength="5" sap:unicode="false" sap:label="Request From"
					sap:creatable="false" sap:updatable="false" sap:sortable="false" sap:filterable="false"/><Property Name="Status" Type="Edm.Byte" Nullable="false" sap:unicode="false"
					sap:label="0-Pending at CO Person-),1-Pending at C&amp;R,2-approved by C&amp;R" sap:creatable="false" sap:updatable="false"
					sap:sortable="false" sap:filterable="false"/><Property Name="Filetype1" Type="Edm.String" Nullable="false" MaxLength="10" sap:unicode="false" sap:label="File Type 1"
					sap:creatable="false" sap:updatable="false" sap:sortable="false" sap:filterable="false"/><Property Name="Filetype2" Type="Edm.String" Nullable="false" MaxLength="10" sap:unicode="false" sap:label="File Type 2"
					sap:creatable="false" sap:updatable="false" sap:sortable="false" sap:filterable="false"/></EntityType>
			<EntityContainer Name="YMSD_GST_PAY_SRV_01_Entities" m:IsDefaultEntityContainer="true" sap:supported-formats="atom json xlsx"><EntitySet Name="GlobalSet" EntityType="YMSD_GST_PAY_SRV_01.Global" sap:creatable="false" sap:updatable="false" sap:deletable="false"
				sap:pageable="false" sap:content-version="1"/></EntityContainer><atom:link rel="self"
				href="https://webidecp-l5652b2e0.dispatcher.ae1.hana.ondemand.com/destinations/FED/sap/opu/odata/sap/YMSD_GST_PAY_SRV_01/$metadata"
				xmlns:atom="http://www.w3.org/2005/Atom"/><atom:link rel="latest-version"
				href="https://webidecp-l5652b2e0.dispatcher.ae1.hana.ondemand.com/destinations/FED/sap/opu/odata/sap/YMSD_GST_PAY_SRV_01/$metadata"
				xmlns:atom="http://www.w3.org/2005/Atom"/></Schema>
	</edmx:DataServices>
</edmx:Edmx>