<core:FragmentDefinition xmlns="sap.m" xmlns:core="sap.ui.core" xmlns:f="sap.ui.layout.form" xmlns:l="sap.ui.layout">
	<Dialog class="sapUiContentPadding" title="Approve All Task" stretch="jQuery.device.is.phone">
		<content>
			<f:SimpleForm editable="true" layout="ResponsiveGridLayout" labelSpanXL="3" labelSpanL="3" labelSpanM="3" labelSpanS="12"
				adjustLabelSpan="false" emptySpanXL="4" emptySpanL="4" emptySpanM="4" emptySpanS="0" columnsXL="1" columnsL="1" columnsM="1"
				singleContainerFullSize="true">
				<f:content>
					<Label text="Approve Comments"/>
					<TextArea id="approvalAllComments" placeholder="Enter approval comments for selected"  value="{path : 'REASON_TXT'}">
					</TextArea>
				</f:content>
			</f:SimpleForm>
		</content>
		<buttons>
			<Button text="Approve" press="handleApproveAllDialogConfirm" />
			<Button text="Cancel" press="handleApproveAllDialogCancel" />
		</buttons>
	</Dialog>
</core:FragmentDefinition>