<core:FragmentDefinition xmlns="sap.m" xmlns:core="sap.ui.core">
	<TableSelectDialog noDataText="No Section Found" title="Select Plant Section" search="handlePlantSectionSearch"
		confirm="handlePlantSectionValueHelpClose" growing="true"
	    growingThreshold="20"
	    growingScrollToLoad="true" items="{/ET_PLANT_SECSet}">
		<columns>
			<Column width="12em">
				<header>
					<Text text="Plant"/>
				</header>
			</Column>
			<Column minScreenWidth="Tablet" demandPopin="true">
				<header>
					<Text text="Plant Section"/>
				</header>
			</Column>
			<Column minScreenWidth="Tablet" demandPopin="true">
				<header>
					<Text text="Description"/>
				</header>
			</Column>
		</columns>
		<items>
			<ColumnListItem>
				<cells>
					<Text text="{PLANT}"/>
					<ObjectIdentifier title="{PLANT_SEC}"/>
					<Text text="{PLANT_SEC_DESC}"/>
				</cells>
			</ColumnListItem>
		</items>
	</TableSelectDialog>
</core:FragmentDefinition>