<core:FragmentDefinition xmlns="sap.m" xmlns:core="sap.ui.core">
	<TableSelectDialog noDataText="No Planner Group Found" title="Select Planner Group" search="handlePlannerGroupSearch"
		confirm="handlePlannerGroupValueHelpClose" growing="true"
	    growingThreshold="20"
	    growingScrollToLoad="true" items="{/ET_PLANNER_GRPSet}">
		<columns>
			<Column width="12em">
				<header>
					<Text text="Plant"/>
				</header>
			</Column>
			<Column minScreenWidth="Tablet" demandPopin="true">
				<header>
					<Text text="Planner Group"/>
				</header>
			</Column>
			<Column minScreenWidth="Tablet" demandPopin="true">
				<header>
					<Text text="Description"/>
				</header>
			</Column>
		</columns>
		<items>
			<ColumnListItem>
				<cells>
					<Text text="{PLANT}"/>
					<ObjectIdentifier title="{PLANNER_GRP}"/>
					<Text text="{PLANNER_GRP_DESC}"/>
				</cells>
			</ColumnListItem>
		</items>
	</TableSelectDialog>
</core:FragmentDefinition>