[{
	"PLANT": "PLANT 1",
	"EQUIPMENT": "EQUIPMENT 1",
	"EQUIPMENT_DESC": "EQUIPMENT_DESC 1",
	"STATUS": "STATUS 1",
	"EXPRESSION": "EXPRESSION 1",
	"STATE": "STATE 1",
	"MEASUR_POINT": "MEASUR_POINT 1",
	"MEASUR_POINT_DESC": "MEASUR_POINT_DESC 1",
	"PLANT_SEC": "PLANT_SEC 1",
	"PLANT_LOC": "PLANT_LOC 1",
	"FUNC_LOC": "FUNC_LOC 1",
	"PLANNER_GRP": "PLANNER_GRP 1",
	"GARBAGE_VALUE": "GARBAGE_VALUE 1",
	"GARBAGE_CODE": "GARBAGE_CODE 1",
	"FREQUENCY": "FREQUENCY 1",
	"CREATED_BY": "CREATED_BY 1",
	"CREATE_TS": "/Date(967798734000)/",
	"LST_MOD_BY": "LST_MOD_BY 1",
	"LST_MOD_TS": "/Date(1114246734000)/",
	"DELETE_TS": "/Date(1264150734000)/",
	"REMARKS": "REMARKS 1",
	"REASON_TXT": "REASON_TXT 1",
	"APPROVER_NAME": "APPROVER_NAME 1",
	"APPROVER_TS": "APPROVER_TS 1",
	"EXPRESSION_ID": "EXPRESSION_ID 1",
	"__metadata": {
		"uri": "ET_DETAILSSet(EQUIPMENT='EQUIPMENT%201',MEASUR_POINT='MEASUR_POINT%201',EXPRESSION_ID='EXPRESSION_ID%201')",
		"type": "YMPMO_MII_FILTER_DATA_SRV.ET_DETAILS"
	}
}, {
	"PLANT": "PLANT 2",
	"EQUIPMENT": "EQUIPMENT 2",
	"EQUIPMENT_DESC": "EQUIPMENT_DESC 2",
	"STATUS": "STATUS 2",
	"EXPRESSION": "EXPRESSION 2",
	"STATE": "STATE 2",
	"MEASUR_POINT": "MEASUR_POINT 2",
	"MEASUR_POINT_DESC": "MEASUR_POINT_DESC 2",
	"PLANT_SEC": "PLANT_SEC 2",
	"PLANT_LOC": "PLANT_LOC 2",
	"FUNC_LOC": "FUNC_LOC 2",
	"PLANNER_GRP": "PLANNER_GRP 2",
	"GARBAGE_VALUE": "GARBAGE_VALUE 2",
	"GARBAGE_CODE": "GARBAGE_CODE 2",
	"FREQUENCY": "FREQUENCY 2",
	"CREATED_BY": "CREATED_BY 2",
	"CREATE_TS": "/Date(1509181134000)/",
	"LST_MOD_BY": "LST_MOD_BY 2",
	"LST_MOD_TS": "/Date(1149152334000)/",
	"DELETE_TS": "/Date(1224665934000)/",
	"REMARKS": "REMARKS 2",
	"REASON_TXT": "REASON_TXT 2",
	"APPROVER_NAME": "APPROVER_NAME 2",
	"APPROVER_TS": "APPROVER_TS 2",
	"EXPRESSION_ID": "EXPRESSION_ID 2",
	"__metadata": {
		"uri": "ET_DETAILSSet(EQUIPMENT='EQUIPMENT%202',MEASUR_POINT='MEASUR_POINT%202',EXPRESSION_ID='EXPRESSION_ID%202')",
		"type": "YMPMO_MII_FILTER_DATA_SRV.ET_DETAILS"
	}
}, {
	"PLANT": "PLANT 3",
	"EQUIPMENT": "EQUIPMENT 3",
	"EQUIPMENT_DESC": "EQUIPMENT_DESC 3",
	"STATUS": "STATUS 3",
	"EXPRESSION": "EXPRESSION 3",
	"STATE": "STATE 3",
	"MEASUR_POINT": "MEASUR_POINT 3",
	"MEASUR_POINT_DESC": "MEASUR_POINT_DESC 3",
	"PLANT_SEC": "PLANT_SEC 3",
	"PLANT_LOC": "PLANT_LOC 3",
	"FUNC_LOC": "FUNC_LOC 3",
	"PLANNER_GRP": "PLANNER_GRP 3",
	"GARBAGE_VALUE": "GARBAGE_VALUE 3",
	"GARBAGE_CODE": "GARBAGE_CODE 3",
	"FREQUENCY": "FREQUENCY 3",
	"CREATED_BY": "CREATED_BY 3",
	"CREATE_TS": "/Date(1190105934000)/",
	"LST_MOD_BY": "LST_MOD_BY 3",
	"LST_MOD_TS": "/Date(1157705934000)/",
	"DELETE_TS": "/Date(1139216334000)/",
	"REMARKS": "REMARKS 3",
	"REASON_TXT": "REASON_TXT 3",
	"APPROVER_NAME": "APPROVER_NAME 3",
	"APPROVER_TS": "APPROVER_TS 3",
	"EXPRESSION_ID": "EXPRESSION_ID 3",
	"__metadata": {
		"uri": "ET_DETAILSSet(EQUIPMENT='EQUIPMENT%203',MEASUR_POINT='MEASUR_POINT%203',EXPRESSION_ID='EXPRESSION_ID%203')",
		"type": "YMPMO_MII_FILTER_DATA_SRV.ET_DETAILS"
	}
}, {
	"PLANT": "PLANT 4",
	"EQUIPMENT": "EQUIPMENT 4",
	"EQUIPMENT_DESC": "EQUIPMENT_DESC 4",
	"STATUS": "STATUS 4",
	"EXPRESSION": "EXPRESSION 4",
	"STATE": "STATE 4",
	"MEASUR_POINT": "MEASUR_POINT 4",
	"MEASUR_POINT_DESC": "MEASUR_POINT_DESC 4",
	"PLANT_SEC": "PLANT_SEC 4",
	"PLANT_LOC": "PLANT_LOC 4",
	"FUNC_LOC": "FUNC_LOC 4",
	"PLANNER_GRP": "PLANNER_GRP 4",
	"GARBAGE_VALUE": "GARBAGE_VALUE 4",
	"GARBAGE_CODE": "GARBAGE_CODE 4",
	"FREQUENCY": "FREQUENCY 4",
	"CREATED_BY": "CREATED_BY 4",
	"CREATE_TS": "/Date(1405328334000)/",
	"LST_MOD_BY": "LST_MOD_BY 4",
	"LST_MOD_TS": "/Date(1301389134000)/",
	"DELETE_TS": "/Date(1516093134000)/",
	"REMARKS": "REMARKS 4",
	"REASON_TXT": "REASON_TXT 4",
	"APPROVER_NAME": "APPROVER_NAME 4",
	"APPROVER_TS": "APPROVER_TS 4",
	"EXPRESSION_ID": "EXPRESSION_ID 4",
	"__metadata": {
		"uri": "ET_DETAILSSet(EQUIPMENT='EQUIPMENT%204',MEASUR_POINT='MEASUR_POINT%204',EXPRESSION_ID='EXPRESSION_ID%204')",
		"type": "YMPMO_MII_FILTER_DATA_SRV.ET_DETAILS"
	}
}, {
	"PLANT": "PLANT 5",
	"EQUIPMENT": "EQUIPMENT 5",
	"EQUIPMENT_DESC": "EQUIPMENT_DESC 5",
	"STATUS": "STATUS 5",
	"EXPRESSION": "EXPRESSION 5",
	"STATE": "STATE 5",
	"MEASUR_POINT": "MEASUR_POINT 5",
	"MEASUR_POINT_DESC": "MEASUR_POINT_DESC 5",
	"PLANT_SEC": "PLANT_SEC 5",
	"PLANT_LOC": "PLANT_LOC 5",
	"FUNC_LOC": "FUNC_LOC 5",
	"PLANNER_GRP": "PLANNER_GRP 5",
	"GARBAGE_VALUE": "GARBAGE_VALUE 5",
	"GARBAGE_CODE": "GARBAGE_CODE 5",
	"FREQUENCY": "FREQUENCY 5",
	"CREATED_BY": "CREATED_BY 5",
	"CREATE_TS": "/Date(1274173134000)/",
	"LST_MOD_BY": "LST_MOD_BY 5",
	"LST_MOD_TS": "/Date(990262734000)/",
	"DELETE_TS": "/Date(1532336334000)/",
	"REMARKS": "REMARKS 5",
	"REASON_TXT": "REASON_TXT 5",
	"APPROVER_NAME": "APPROVER_NAME 5",
	"APPROVER_TS": "APPROVER_TS 5",
	"EXPRESSION_ID": "EXPRESSION_ID 5",
	"__metadata": {
		"uri": "ET_DETAILSSet(EQUIPMENT='EQUIPMENT%205',MEASUR_POINT='MEASUR_POINT%205',EXPRESSION_ID='EXPRESSION_ID%205')",
		"type": "YMPMO_MII_FILTER_DATA_SRV.ET_DETAILS"
	}
}, {
	"PLANT": "PLANT 6",
	"EQUIPMENT": "EQUIPMENT 6",
	"EQUIPMENT_DESC": "EQUIPMENT_DESC 6",
	"STATUS": "STATUS 6",
	"EXPRESSION": "EXPRESSION 6",
	"STATE": "STATE 6",
	"MEASUR_POINT": "MEASUR_POINT 6",
	"MEASUR_POINT_DESC": "MEASUR_POINT_DESC 6",
	"PLANT_SEC": "PLANT_SEC 6",
	"PLANT_LOC": "PLANT_LOC 6",
	"FUNC_LOC": "FUNC_LOC 6",
	"PLANNER_GRP": "PLANNER_GRP 6",
	"GARBAGE_VALUE": "GARBAGE_VALUE 6",
	"GARBAGE_CODE": "GARBAGE_CODE 6",
	"FREQUENCY": "FREQUENCY 6",
	"CREATED_BY": "CREATED_BY 6",
	"CREATE_TS": "/Date(1210150734000)/",
	"LST_MOD_BY": "LST_MOD_BY 6",
	"LST_MOD_TS": "/Date(1539939534000)/",
	"DELETE_TS": "/Date(1555491534000)/",
	"REMARKS": "REMARKS 6",
	"REASON_TXT": "REASON_TXT 6",
	"APPROVER_NAME": "APPROVER_NAME 6",
	"APPROVER_TS": "APPROVER_TS 6",
	"EXPRESSION_ID": "EXPRESSION_ID 6",
	"__metadata": {
		"uri": "ET_DETAILSSet(EQUIPMENT='EQUIPMENT%206',MEASUR_POINT='MEASUR_POINT%206',EXPRESSION_ID='EXPRESSION_ID%206')",
		"type": "YMPMO_MII_FILTER_DATA_SRV.ET_DETAILS"
	}
}, {
	"PLANT": "PLANT 7",
	"EQUIPMENT": "EQUIPMENT 7",
	"EQUIPMENT_DESC": "EQUIPMENT_DESC 7",
	"STATUS": "STATUS 7",
	"EXPRESSION": "EXPRESSION 7",
	"STATE": "STATE 7",
	"MEASUR_POINT": "MEASUR_POINT 7",
	"MEASUR_POINT_DESC": "MEASUR_POINT_DESC 7",
	"PLANT_SEC": "PLANT_SEC 7",
	"PLANT_LOC": "PLANT_LOC 7",
	"FUNC_LOC": "FUNC_LOC 7",
	"PLANNER_GRP": "PLANNER_GRP 7",
	"GARBAGE_VALUE": "GARBAGE_VALUE 7",
	"GARBAGE_CODE": "GARBAGE_CODE 7",
	"FREQUENCY": "FREQUENCY 7",
	"CREATED_BY": "CREATED_BY 7",
	"CREATE_TS": "/Date(1039424334000)/",
	"LST_MOD_BY": "LST_MOD_BY 7",
	"LST_MOD_TS": "/Date(1239353934000)/",
	"DELETE_TS": "/Date(1268384334000)/",
	"REMARKS": "REMARKS 7",
	"REASON_TXT": "REASON_TXT 7",
	"APPROVER_NAME": "APPROVER_NAME 7",
	"APPROVER_TS": "APPROVER_TS 7",
	"EXPRESSION_ID": "EXPRESSION_ID 7",
	"__metadata": {
		"uri": "ET_DETAILSSet(EQUIPMENT='EQUIPMENT%207',MEASUR_POINT='MEASUR_POINT%207',EXPRESSION_ID='EXPRESSION_ID%207')",
		"type": "YMPMO_MII_FILTER_DATA_SRV.ET_DETAILS"
	}
}, {
	"PLANT": "PLANT 8",
	"EQUIPMENT": "EQUIPMENT 8",
	"EQUIPMENT_DESC": "EQUIPMENT_DESC 8",
	"STATUS": "STATUS 8",
	"EXPRESSION": "EXPRESSION 8",
	"STATE": "STATE 8",
	"MEASUR_POINT": "MEASUR_POINT 8",
	"MEASUR_POINT_DESC": "MEASUR_POINT_DESC 8",
	"PLANT_SEC": "PLANT_SEC 8",
	"PLANT_LOC": "PLANT_LOC 8",
	"FUNC_LOC": "FUNC_LOC 8",
	"PLANNER_GRP": "PLANNER_GRP 8",
	"GARBAGE_VALUE": "GARBAGE_VALUE 8",
	"GARBAGE_CODE": "GARBAGE_CODE 8",
	"FREQUENCY": "FREQUENCY 8",
	"CREATED_BY": "CREATED_BY 8",
	"CREATE_TS": "/Date(1490605134000)/",
	"LST_MOD_BY": "LST_MOD_BY 8",
	"LST_MOD_TS": "/Date(1133427534000)/",
	"DELETE_TS": "/Date(1184317134000)/",
	"REMARKS": "REMARKS 8",
	"REASON_TXT": "REASON_TXT 8",
	"APPROVER_NAME": "APPROVER_NAME 8",
	"APPROVER_TS": "APPROVER_TS 8",
	"EXPRESSION_ID": "EXPRESSION_ID 8",
	"__metadata": {
		"uri": "ET_DETAILSSet(EQUIPMENT='EQUIPMENT%208',MEASUR_POINT='MEASUR_POINT%208',EXPRESSION_ID='EXPRESSION_ID%208')",
		"type": "YMPMO_MII_FILTER_DATA_SRV.ET_DETAILS"
	}
}, {
	"PLANT": "PLANT 9",
	"EQUIPMENT": "EQUIPMENT 9",
	"EQUIPMENT_DESC": "EQUIPMENT_DESC 9",
	"STATUS": "STATUS 9",
	"EXPRESSION": "EXPRESSION 9",
	"STATE": "STATE 9",
	"MEASUR_POINT": "MEASUR_POINT 9",
	"MEASUR_POINT_DESC": "MEASUR_POINT_DESC 9",
	"PLANT_SEC": "PLANT_SEC 9",
	"PLANT_LOC": "PLANT_LOC 9",
	"FUNC_LOC": "FUNC_LOC 9",
	"PLANNER_GRP": "PLANNER_GRP 9",
	"GARBAGE_VALUE": "GARBAGE_VALUE 9",
	"GARBAGE_CODE": "GARBAGE_CODE 9",
	"FREQUENCY": "FREQUENCY 9",
	"CREATED_BY": "CREATED_BY 9",
	"CREATE_TS": "/Date(978339534000)/",
	"LST_MOD_BY": "LST_MOD_BY 9",
	"LST_MOD_TS": "/Date(1011689934000)/",
	"DELETE_TS": "/Date(1538384334000)/",
	"REMARKS": "REMARKS 9",
	"REASON_TXT": "REASON_TXT 9",
	"APPROVER_NAME": "APPROVER_NAME 9",
	"APPROVER_TS": "APPROVER_TS 9",
	"EXPRESSION_ID": "EXPRESSION_ID 9",
	"__metadata": {
		"uri": "ET_DETAILSSet(EQUIPMENT='EQUIPMENT%209',MEASUR_POINT='MEASUR_POINT%209',EXPRESSION_ID='EXPRESSION_ID%209')",
		"type": "YMPMO_MII_FILTER_DATA_SRV.ET_DETAILS"
	}
}, {
	"PLANT": "PLANT 10",
	"EQUIPMENT": "EQUIPMENT 10",
	"EQUIPMENT_DESC": "EQUIPMENT_DESC 10",
	"STATUS": "STATUS 10",
	"EXPRESSION": "EXPRESSION 10",
	"STATE": "STATE 10",
	"MEASUR_POINT": "MEASUR_POINT 10",
	"MEASUR_POINT_DESC": "MEASUR_POINT_DESC 10",
	"PLANT_SEC": "PLANT_SEC 10",
	"PLANT_LOC": "PLANT_LOC 10",
	"FUNC_LOC": "FUNC_LOC 10",
	"PLANNER_GRP": "PLANNER_GRP 10",
	"GARBAGE_VALUE": "GARBAGE_VALUE 10",
	"GARBAGE_CODE": "GARBAGE_CODE 10",
	"FREQUENCY": "FREQUENCY 10",
	"CREATED_BY": "CREATED_BY 10",
	"CREATE_TS": "/Date(1070528334000)/",
	"LST_MOD_BY": "LST_MOD_BY 10",
	"LST_MOD_TS": "/Date(1136105934000)/",
	"DELETE_TS": "/Date(1090745934000)/",
	"REMARKS": "REMARKS 10",
	"REASON_TXT": "REASON_TXT 10",
	"APPROVER_NAME": "APPROVER_NAME 10",
	"APPROVER_TS": "APPROVER_TS 10",
	"EXPRESSION_ID": "EXPRESSION_ID 10",
	"__metadata": {
		"uri": "ET_DETAILSSet(EQUIPMENT='EQUIPMENT%2010',MEASUR_POINT='MEASUR_POINT%2010',EXPRESSION_ID='EXPRESSION_ID%2010')",
		"type": "YMPMO_MII_FILTER_DATA_SRV.ET_DETAILS"
	}
}]