[{
	"REQUEST": "REQUEST 1",
	"RESPONSE": "RESPONSE 1",
	"__metadata": {
		"uri": "ET_DATA_SERVICE_LISTSet('REQUEST%201')",
		"type": "YMPMO_MII_FILTER_DATA_SRV.ET_DATA_SERVICE_LIST"
	}
}, {
	"REQUEST": "REQUEST 2",
	"RESPONSE": "RESPONSE 2",
	"__metadata": {
		"uri": "ET_DATA_SERVICE_LISTSet('REQUEST%202')",
		"type": "YMPMO_MII_FILTER_DATA_SRV.ET_DATA_SERVICE_LIST"
	}
}, {
	"REQUEST": "REQUEST 3",
	"RESPONSE": "RESPONSE 3",
	"__metadata": {
		"uri": "ET_DATA_SERVICE_LISTSet('REQUEST%203')",
		"type": "YMPMO_MII_FILTER_DATA_SRV.ET_DATA_SERVICE_LIST"
	}
}, {
	"REQUEST": "REQUEST 4",
	"RESPONSE": "RESPONSE 4",
	"__metadata": {
		"uri": "ET_DATA_SERVICE_LISTSet('REQUEST%204')",
		"type": "YMPMO_MII_FILTER_DATA_SRV.ET_DATA_SERVICE_LIST"
	}
}, {
	"REQUEST": "REQUEST 5",
	"RESPONSE": "RESPONSE 5",
	"__metadata": {
		"uri": "ET_DATA_SERVICE_LISTSet('REQUEST%205')",
		"type": "YMPMO_MII_FILTER_DATA_SRV.ET_DATA_SERVICE_LIST"
	}
}, {
	"REQUEST": "REQUEST 6",
	"RESPONSE": "RESPONSE 6",
	"__metadata": {
		"uri": "ET_DATA_SERVICE_LISTSet('REQUEST%206')",
		"type": "YMPMO_MII_FILTER_DATA_SRV.ET_DATA_SERVICE_LIST"
	}
}, {
	"REQUEST": "REQUEST 7",
	"RESPONSE": "RESPONSE 7",
	"__metadata": {
		"uri": "ET_DATA_SERVICE_LISTSet('REQUEST%207')",
		"type": "YMPMO_MII_FILTER_DATA_SRV.ET_DATA_SERVICE_LIST"
	}
}, {
	"REQUEST": "REQUEST 8",
	"RESPONSE": "RESPONSE 8",
	"__metadata": {
		"uri": "ET_DATA_SERVICE_LISTSet('REQUEST%208')",
		"type": "YMPMO_MII_FILTER_DATA_SRV.ET_DATA_SERVICE_LIST"
	}
}, {
	"REQUEST": "REQUEST 9",
	"RESPONSE": "RESPONSE 9",
	"__metadata": {
		"uri": "ET_DATA_SERVICE_LISTSet('REQUEST%209')",
		"type": "YMPMO_MII_FILTER_DATA_SRV.ET_DATA_SERVICE_LIST"
	}
}, {
	"REQUEST": "REQUEST 10",
	"RESPONSE": "RESPONSE 10",
	"__metadata": {
		"uri": "ET_DATA_SERVICE_LISTSet('REQUEST%2010')",
		"type": "YMPMO_MII_FILTER_DATA_SRV.ET_DATA_SERVICE_LIST"
	}
}]