[{
	"ExpressionId": "ExpressionId 1",
	"Version": "Version 1",
	"Plant": "Plant 1",
	"Plantsection": "Plantsection 1",
	"Plantlocation": "Plantlocation 1",
	"Funclocation": "Funclocation 1",
	"Plannergroup": "Plannergroup 1",
	"Equipment": "Equipment 1",
	"EquipmentDesc": "EquipmentDesc 1",
	"Measurementpoint": "Measurementpoint 1",
	"MeasurePDesc": "MeasurePDesc 1",
	"OldExpression": "OldExpression 1",
	"NewExpression": "NewExpression 1",
	"GarbageValue": "GarbageValue 1",
	"GarbageCode": "GarbageCode 1",
	"ExpressionState": "ExpressionState 1",
	"ExpressionStatus": "ExpressionStatus 1",
	"Frequency": "Frequency 1",
	"ChangedBy": "ChangedBy 1",
	"Timestamp": "Timestamp 1",
	"ReasonText": "ReasonText 1",
	"__metadata": {
		"uri": "ET_EXPR_VERSIONSet('ExpressionId%201')",
		"type": "YMPMO_MII_FILTER_DATA_SRV.ET_EXPR_VERSION"
	}
}, {
	"ExpressionId": "ExpressionId 2",
	"Version": "Version 2",
	"Plant": "Plant 2",
	"Plantsection": "Plantsection 2",
	"Plantlocation": "Plantlocation 2",
	"Funclocation": "Funclocation 2",
	"Plannergroup": "Plannergroup 2",
	"Equipment": "Equipment 2",
	"EquipmentDesc": "EquipmentDesc 2",
	"Measurementpoint": "Measurementpoint 2",
	"MeasurePDesc": "MeasurePDesc 2",
	"OldExpression": "OldExpression 2",
	"NewExpression": "NewExpression 2",
	"GarbageValue": "GarbageValue 2",
	"GarbageCode": "GarbageCode 2",
	"ExpressionState": "ExpressionState 2",
	"ExpressionStatus": "ExpressionStatus 2",
	"Frequency": "Frequency 2",
	"ChangedBy": "ChangedBy 2",
	"Timestamp": "Timestamp 2",
	"ReasonText": "ReasonText 2",
	"__metadata": {
		"uri": "ET_EXPR_VERSIONSet('ExpressionId%202')",
		"type": "YMPMO_MII_FILTER_DATA_SRV.ET_EXPR_VERSION"
	}
}, {
	"ExpressionId": "ExpressionId 3",
	"Version": "Version 3",
	"Plant": "Plant 3",
	"Plantsection": "Plantsection 3",
	"Plantlocation": "Plantlocation 3",
	"Funclocation": "Funclocation 3",
	"Plannergroup": "Plannergroup 3",
	"Equipment": "Equipment 3",
	"EquipmentDesc": "EquipmentDesc 3",
	"Measurementpoint": "Measurementpoint 3",
	"MeasurePDesc": "MeasurePDesc 3",
	"OldExpression": "OldExpression 3",
	"NewExpression": "NewExpression 3",
	"GarbageValue": "GarbageValue 3",
	"GarbageCode": "GarbageCode 3",
	"ExpressionState": "ExpressionState 3",
	"ExpressionStatus": "ExpressionStatus 3",
	"Frequency": "Frequency 3",
	"ChangedBy": "ChangedBy 3",
	"Timestamp": "Timestamp 3",
	"ReasonText": "ReasonText 3",
	"__metadata": {
		"uri": "ET_EXPR_VERSIONSet('ExpressionId%203')",
		"type": "YMPMO_MII_FILTER_DATA_SRV.ET_EXPR_VERSION"
	}
}, {
	"ExpressionId": "ExpressionId 4",
	"Version": "Version 4",
	"Plant": "Plant 4",
	"Plantsection": "Plantsection 4",
	"Plantlocation": "Plantlocation 4",
	"Funclocation": "Funclocation 4",
	"Plannergroup": "Plannergroup 4",
	"Equipment": "Equipment 4",
	"EquipmentDesc": "EquipmentDesc 4",
	"Measurementpoint": "Measurementpoint 4",
	"MeasurePDesc": "MeasurePDesc 4",
	"OldExpression": "OldExpression 4",
	"NewExpression": "NewExpression 4",
	"GarbageValue": "GarbageValue 4",
	"GarbageCode": "GarbageCode 4",
	"ExpressionState": "ExpressionState 4",
	"ExpressionStatus": "ExpressionStatus 4",
	"Frequency": "Frequency 4",
	"ChangedBy": "ChangedBy 4",
	"Timestamp": "Timestamp 4",
	"ReasonText": "ReasonText 4",
	"__metadata": {
		"uri": "ET_EXPR_VERSIONSet('ExpressionId%204')",
		"type": "YMPMO_MII_FILTER_DATA_SRV.ET_EXPR_VERSION"
	}
}, {
	"ExpressionId": "ExpressionId 5",
	"Version": "Version 5",
	"Plant": "Plant 5",
	"Plantsection": "Plantsection 5",
	"Plantlocation": "Plantlocation 5",
	"Funclocation": "Funclocation 5",
	"Plannergroup": "Plannergroup 5",
	"Equipment": "Equipment 5",
	"EquipmentDesc": "EquipmentDesc 5",
	"Measurementpoint": "Measurementpoint 5",
	"MeasurePDesc": "MeasurePDesc 5",
	"OldExpression": "OldExpression 5",
	"NewExpression": "NewExpression 5",
	"GarbageValue": "GarbageValue 5",
	"GarbageCode": "GarbageCode 5",
	"ExpressionState": "ExpressionState 5",
	"ExpressionStatus": "ExpressionStatus 5",
	"Frequency": "Frequency 5",
	"ChangedBy": "ChangedBy 5",
	"Timestamp": "Timestamp 5",
	"ReasonText": "ReasonText 5",
	"__metadata": {
		"uri": "ET_EXPR_VERSIONSet('ExpressionId%205')",
		"type": "YMPMO_MII_FILTER_DATA_SRV.ET_EXPR_VERSION"
	}
}, {
	"ExpressionId": "ExpressionId 6",
	"Version": "Version 6",
	"Plant": "Plant 6",
	"Plantsection": "Plantsection 6",
	"Plantlocation": "Plantlocation 6",
	"Funclocation": "Funclocation 6",
	"Plannergroup": "Plannergroup 6",
	"Equipment": "Equipment 6",
	"EquipmentDesc": "EquipmentDesc 6",
	"Measurementpoint": "Measurementpoint 6",
	"MeasurePDesc": "MeasurePDesc 6",
	"OldExpression": "OldExpression 6",
	"NewExpression": "NewExpression 6",
	"GarbageValue": "GarbageValue 6",
	"GarbageCode": "GarbageCode 6",
	"ExpressionState": "ExpressionState 6",
	"ExpressionStatus": "ExpressionStatus 6",
	"Frequency": "Frequency 6",
	"ChangedBy": "ChangedBy 6",
	"Timestamp": "Timestamp 6",
	"ReasonText": "ReasonText 6",
	"__metadata": {
		"uri": "ET_EXPR_VERSIONSet('ExpressionId%206')",
		"type": "YMPMO_MII_FILTER_DATA_SRV.ET_EXPR_VERSION"
	}
}, {
	"ExpressionId": "ExpressionId 7",
	"Version": "Version 7",
	"Plant": "Plant 7",
	"Plantsection": "Plantsection 7",
	"Plantlocation": "Plantlocation 7",
	"Funclocation": "Funclocation 7",
	"Plannergroup": "Plannergroup 7",
	"Equipment": "Equipment 7",
	"EquipmentDesc": "EquipmentDesc 7",
	"Measurementpoint": "Measurementpoint 7",
	"MeasurePDesc": "MeasurePDesc 7",
	"OldExpression": "OldExpression 7",
	"NewExpression": "NewExpression 7",
	"GarbageValue": "GarbageValue 7",
	"GarbageCode": "GarbageCode 7",
	"ExpressionState": "ExpressionState 7",
	"ExpressionStatus": "ExpressionStatus 7",
	"Frequency": "Frequency 7",
	"ChangedBy": "ChangedBy 7",
	"Timestamp": "Timestamp 7",
	"ReasonText": "ReasonText 7",
	"__metadata": {
		"uri": "ET_EXPR_VERSIONSet('ExpressionId%207')",
		"type": "YMPMO_MII_FILTER_DATA_SRV.ET_EXPR_VERSION"
	}
}, {
	"ExpressionId": "ExpressionId 8",
	"Version": "Version 8",
	"Plant": "Plant 8",
	"Plantsection": "Plantsection 8",
	"Plantlocation": "Plantlocation 8",
	"Funclocation": "Funclocation 8",
	"Plannergroup": "Plannergroup 8",
	"Equipment": "Equipment 8",
	"EquipmentDesc": "EquipmentDesc 8",
	"Measurementpoint": "Measurementpoint 8",
	"MeasurePDesc": "MeasurePDesc 8",
	"OldExpression": "OldExpression 8",
	"NewExpression": "NewExpression 8",
	"GarbageValue": "GarbageValue 8",
	"GarbageCode": "GarbageCode 8",
	"ExpressionState": "ExpressionState 8",
	"ExpressionStatus": "ExpressionStatus 8",
	"Frequency": "Frequency 8",
	"ChangedBy": "ChangedBy 8",
	"Timestamp": "Timestamp 8",
	"ReasonText": "ReasonText 8",
	"__metadata": {
		"uri": "ET_EXPR_VERSIONSet('ExpressionId%208')",
		"type": "YMPMO_MII_FILTER_DATA_SRV.ET_EXPR_VERSION"
	}
}, {
	"ExpressionId": "ExpressionId 9",
	"Version": "Version 9",
	"Plant": "Plant 9",
	"Plantsection": "Plantsection 9",
	"Plantlocation": "Plantlocation 9",
	"Funclocation": "Funclocation 9",
	"Plannergroup": "Plannergroup 9",
	"Equipment": "Equipment 9",
	"EquipmentDesc": "EquipmentDesc 9",
	"Measurementpoint": "Measurementpoint 9",
	"MeasurePDesc": "MeasurePDesc 9",
	"OldExpression": "OldExpression 9",
	"NewExpression": "NewExpression 9",
	"GarbageValue": "GarbageValue 9",
	"GarbageCode": "GarbageCode 9",
	"ExpressionState": "ExpressionState 9",
	"ExpressionStatus": "ExpressionStatus 9",
	"Frequency": "Frequency 9",
	"ChangedBy": "ChangedBy 9",
	"Timestamp": "Timestamp 9",
	"ReasonText": "ReasonText 9",
	"__metadata": {
		"uri": "ET_EXPR_VERSIONSet('ExpressionId%209')",
		"type": "YMPMO_MII_FILTER_DATA_SRV.ET_EXPR_VERSION"
	}
}, {
	"ExpressionId": "ExpressionId 10",
	"Version": "Version 10",
	"Plant": "Plant 10",
	"Plantsection": "Plantsection 10",
	"Plantlocation": "Plantlocation 10",
	"Funclocation": "Funclocation 10",
	"Plannergroup": "Plannergroup 10",
	"Equipment": "Equipment 10",
	"EquipmentDesc": "EquipmentDesc 10",
	"Measurementpoint": "Measurementpoint 10",
	"MeasurePDesc": "MeasurePDesc 10",
	"OldExpression": "OldExpression 10",
	"NewExpression": "NewExpression 10",
	"GarbageValue": "GarbageValue 10",
	"GarbageCode": "GarbageCode 10",
	"ExpressionState": "ExpressionState 10",
	"ExpressionStatus": "ExpressionStatus 10",
	"Frequency": "Frequency 10",
	"ChangedBy": "ChangedBy 10",
	"Timestamp": "Timestamp 10",
	"ReasonText": "ReasonText 10",
	"__metadata": {
		"uri": "ET_EXPR_VERSIONSet('ExpressionId%2010')",
		"type": "YMPMO_MII_FILTER_DATA_SRV.ET_EXPR_VERSION"
	}
}]