[{
	"PLANT": "PLANT 1",
	"PLANT_SEC": "PLANT_SEC 1",
	"PLANT_LOC": "PLANT_LOC 1",
	"FUNC_LOC": "FUNC_LOC 1",
	"PLANNER_GRP": "PLANNER_GRP 1",
	"EQUIPMENT": "EQUIPMENT 1",
	"EQUIPMENT_DESC": "EQUIPMENT_DESC 1",
	"__metadata": {
		"uri": "ET_EQUIPMENTSet(PLANT='PLANT%201',PLANT_SEC='PLANT_SEC%201',PLANT_LOC='PLANT_LOC%201',FUNC_LOC='FUNC_LOC%201')",
		"type": "YMPMO_MII_FILTER_DATA_SRV.ET_EQUIPMENT"
	},
	"NavEquipmentToDetails": {
		"__deferred": {
			"uri": "ET_EQUIPMENTSet(PLANT='PLANT%201',PLANT_SEC='PLANT_SEC%201',PLANT_LOC='PLANT_LOC%201',FUNC_LOC='FUNC_LOC%201')/NavEquipmentToDetails"
		}
	},
	"NavEquipmentToMeasuringPoint": {
		"__deferred": {
			"uri": "ET_EQUIPMENTSet(PLANT='PLANT%201',PLANT_SEC='PLANT_SEC%201',PLANT_LOC='PLANT_LOC%201',FUNC_LOC='FUNC_LOC%201')/NavEquipmentToMeasuringPoint"
		}
	}
}, {
	"PLANT": "PLANT 2",
	"PLANT_SEC": "PLANT_SEC 2",
	"PLANT_LOC": "PLANT_LOC 2",
	"FUNC_LOC": "FUNC_LOC 2",
	"PLANNER_GRP": "PLANNER_GRP 2",
	"EQUIPMENT": "EQUIPMENT 2",
	"EQUIPMENT_DESC": "EQUIPMENT_DESC 2",
	"__metadata": {
		"uri": "ET_EQUIPMENTSet(PLANT='PLANT%202',PLANT_SEC='PLANT_SEC%202',PLANT_LOC='PLANT_LOC%202',FUNC_LOC='FUNC_LOC%202')",
		"type": "YMPMO_MII_FILTER_DATA_SRV.ET_EQUIPMENT"
	},
	"NavEquipmentToDetails": {
		"__deferred": {
			"uri": "ET_EQUIPMENTSet(PLANT='PLANT%202',PLANT_SEC='PLANT_SEC%202',PLANT_LOC='PLANT_LOC%202',FUNC_LOC='FUNC_LOC%202')/NavEquipmentToDetails"
		}
	},
	"NavEquipmentToMeasuringPoint": {
		"__deferred": {
			"uri": "ET_EQUIPMENTSet(PLANT='PLANT%202',PLANT_SEC='PLANT_SEC%202',PLANT_LOC='PLANT_LOC%202',FUNC_LOC='FUNC_LOC%202')/NavEquipmentToMeasuringPoint"
		}
	}
}, {
	"PLANT": "PLANT 3",
	"PLANT_SEC": "PLANT_SEC 3",
	"PLANT_LOC": "PLANT_LOC 3",
	"FUNC_LOC": "FUNC_LOC 3",
	"PLANNER_GRP": "PLANNER_GRP 3",
	"EQUIPMENT": "EQUIPMENT 3",
	"EQUIPMENT_DESC": "EQUIPMENT_DESC 3",
	"__metadata": {
		"uri": "ET_EQUIPMENTSet(PLANT='PLANT%203',PLANT_SEC='PLANT_SEC%203',PLANT_LOC='PLANT_LOC%203',FUNC_LOC='FUNC_LOC%203')",
		"type": "YMPMO_MII_FILTER_DATA_SRV.ET_EQUIPMENT"
	},
	"NavEquipmentToDetails": {
		"__deferred": {
			"uri": "ET_EQUIPMENTSet(PLANT='PLANT%203',PLANT_SEC='PLANT_SEC%203',PLANT_LOC='PLANT_LOC%203',FUNC_LOC='FUNC_LOC%203')/NavEquipmentToDetails"
		}
	},
	"NavEquipmentToMeasuringPoint": {
		"__deferred": {
			"uri": "ET_EQUIPMENTSet(PLANT='PLANT%203',PLANT_SEC='PLANT_SEC%203',PLANT_LOC='PLANT_LOC%203',FUNC_LOC='FUNC_LOC%203')/NavEquipmentToMeasuringPoint"
		}
	}
}, {
	"PLANT": "PLANT 4",
	"PLANT_SEC": "PLANT_SEC 4",
	"PLANT_LOC": "PLANT_LOC 4",
	"FUNC_LOC": "FUNC_LOC 4",
	"PLANNER_GRP": "PLANNER_GRP 4",
	"EQUIPMENT": "EQUIPMENT 4",
	"EQUIPMENT_DESC": "EQUIPMENT_DESC 4",
	"__metadata": {
		"uri": "ET_EQUIPMENTSet(PLANT='PLANT%204',PLANT_SEC='PLANT_SEC%204',PLANT_LOC='PLANT_LOC%204',FUNC_LOC='FUNC_LOC%204')",
		"type": "YMPMO_MII_FILTER_DATA_SRV.ET_EQUIPMENT"
	},
	"NavEquipmentToDetails": {
		"__deferred": {
			"uri": "ET_EQUIPMENTSet(PLANT='PLANT%204',PLANT_SEC='PLANT_SEC%204',PLANT_LOC='PLANT_LOC%204',FUNC_LOC='FUNC_LOC%204')/NavEquipmentToDetails"
		}
	},
	"NavEquipmentToMeasuringPoint": {
		"__deferred": {
			"uri": "ET_EQUIPMENTSet(PLANT='PLANT%204',PLANT_SEC='PLANT_SEC%204',PLANT_LOC='PLANT_LOC%204',FUNC_LOC='FUNC_LOC%204')/NavEquipmentToMeasuringPoint"
		}
	}
}, {
	"PLANT": "PLANT 5",
	"PLANT_SEC": "PLANT_SEC 5",
	"PLANT_LOC": "PLANT_LOC 5",
	"FUNC_LOC": "FUNC_LOC 5",
	"PLANNER_GRP": "PLANNER_GRP 5",
	"EQUIPMENT": "EQUIPMENT 5",
	"EQUIPMENT_DESC": "EQUIPMENT_DESC 5",
	"__metadata": {
		"uri": "ET_EQUIPMENTSet(PLANT='PLANT%205',PLANT_SEC='PLANT_SEC%205',PLANT_LOC='PLANT_LOC%205',FUNC_LOC='FUNC_LOC%205')",
		"type": "YMPMO_MII_FILTER_DATA_SRV.ET_EQUIPMENT"
	},
	"NavEquipmentToDetails": {
		"__deferred": {
			"uri": "ET_EQUIPMENTSet(PLANT='PLANT%205',PLANT_SEC='PLANT_SEC%205',PLANT_LOC='PLANT_LOC%205',FUNC_LOC='FUNC_LOC%205')/NavEquipmentToDetails"
		}
	},
	"NavEquipmentToMeasuringPoint": {
		"__deferred": {
			"uri": "ET_EQUIPMENTSet(PLANT='PLANT%205',PLANT_SEC='PLANT_SEC%205',PLANT_LOC='PLANT_LOC%205',FUNC_LOC='FUNC_LOC%205')/NavEquipmentToMeasuringPoint"
		}
	}
}, {
	"PLANT": "PLANT 6",
	"PLANT_SEC": "PLANT_SEC 6",
	"PLANT_LOC": "PLANT_LOC 6",
	"FUNC_LOC": "FUNC_LOC 6",
	"PLANNER_GRP": "PLANNER_GRP 6",
	"EQUIPMENT": "EQUIPMENT 6",
	"EQUIPMENT_DESC": "EQUIPMENT_DESC 6",
	"__metadata": {
		"uri": "ET_EQUIPMENTSet(PLANT='PLANT%206',PLANT_SEC='PLANT_SEC%206',PLANT_LOC='PLANT_LOC%206',FUNC_LOC='FUNC_LOC%206')",
		"type": "YMPMO_MII_FILTER_DATA_SRV.ET_EQUIPMENT"
	},
	"NavEquipmentToDetails": {
		"__deferred": {
			"uri": "ET_EQUIPMENTSet(PLANT='PLANT%206',PLANT_SEC='PLANT_SEC%206',PLANT_LOC='PLANT_LOC%206',FUNC_LOC='FUNC_LOC%206')/NavEquipmentToDetails"
		}
	},
	"NavEquipmentToMeasuringPoint": {
		"__deferred": {
			"uri": "ET_EQUIPMENTSet(PLANT='PLANT%206',PLANT_SEC='PLANT_SEC%206',PLANT_LOC='PLANT_LOC%206',FUNC_LOC='FUNC_LOC%206')/NavEquipmentToMeasuringPoint"
		}
	}
}, {
	"PLANT": "PLANT 7",
	"PLANT_SEC": "PLANT_SEC 7",
	"PLANT_LOC": "PLANT_LOC 7",
	"FUNC_LOC": "FUNC_LOC 7",
	"PLANNER_GRP": "PLANNER_GRP 7",
	"EQUIPMENT": "EQUIPMENT 7",
	"EQUIPMENT_DESC": "EQUIPMENT_DESC 7",
	"__metadata": {
		"uri": "ET_EQUIPMENTSet(PLANT='PLANT%207',PLANT_SEC='PLANT_SEC%207',PLANT_LOC='PLANT_LOC%207',FUNC_LOC='FUNC_LOC%207')",
		"type": "YMPMO_MII_FILTER_DATA_SRV.ET_EQUIPMENT"
	},
	"NavEquipmentToDetails": {
		"__deferred": {
			"uri": "ET_EQUIPMENTSet(PLANT='PLANT%207',PLANT_SEC='PLANT_SEC%207',PLANT_LOC='PLANT_LOC%207',FUNC_LOC='FUNC_LOC%207')/NavEquipmentToDetails"
		}
	},
	"NavEquipmentToMeasuringPoint": {
		"__deferred": {
			"uri": "ET_EQUIPMENTSet(PLANT='PLANT%207',PLANT_SEC='PLANT_SEC%207',PLANT_LOC='PLANT_LOC%207',FUNC_LOC='FUNC_LOC%207')/NavEquipmentToMeasuringPoint"
		}
	}
}, {
	"PLANT": "PLANT 8",
	"PLANT_SEC": "PLANT_SEC 8",
	"PLANT_LOC": "PLANT_LOC 8",
	"FUNC_LOC": "FUNC_LOC 8",
	"PLANNER_GRP": "PLANNER_GRP 8",
	"EQUIPMENT": "EQUIPMENT 8",
	"EQUIPMENT_DESC": "EQUIPMENT_DESC 8",
	"__metadata": {
		"uri": "ET_EQUIPMENTSet(PLANT='PLANT%208',PLANT_SEC='PLANT_SEC%208',PLANT_LOC='PLANT_LOC%208',FUNC_LOC='FUNC_LOC%208')",
		"type": "YMPMO_MII_FILTER_DATA_SRV.ET_EQUIPMENT"
	},
	"NavEquipmentToDetails": {
		"__deferred": {
			"uri": "ET_EQUIPMENTSet(PLANT='PLANT%208',PLANT_SEC='PLANT_SEC%208',PLANT_LOC='PLANT_LOC%208',FUNC_LOC='FUNC_LOC%208')/NavEquipmentToDetails"
		}
	},
	"NavEquipmentToMeasuringPoint": {
		"__deferred": {
			"uri": "ET_EQUIPMENTSet(PLANT='PLANT%208',PLANT_SEC='PLANT_SEC%208',PLANT_LOC='PLANT_LOC%208',FUNC_LOC='FUNC_LOC%208')/NavEquipmentToMeasuringPoint"
		}
	}
}, {
	"PLANT": "PLANT 9",
	"PLANT_SEC": "PLANT_SEC 9",
	"PLANT_LOC": "PLANT_LOC 9",
	"FUNC_LOC": "FUNC_LOC 9",
	"PLANNER_GRP": "PLANNER_GRP 9",
	"EQUIPMENT": "EQUIPMENT 9",
	"EQUIPMENT_DESC": "EQUIPMENT_DESC 9",
	"__metadata": {
		"uri": "ET_EQUIPMENTSet(PLANT='PLANT%209',PLANT_SEC='PLANT_SEC%209',PLANT_LOC='PLANT_LOC%209',FUNC_LOC='FUNC_LOC%209')",
		"type": "YMPMO_MII_FILTER_DATA_SRV.ET_EQUIPMENT"
	},
	"NavEquipmentToDetails": {
		"__deferred": {
			"uri": "ET_EQUIPMENTSet(PLANT='PLANT%209',PLANT_SEC='PLANT_SEC%209',PLANT_LOC='PLANT_LOC%209',FUNC_LOC='FUNC_LOC%209')/NavEquipmentToDetails"
		}
	},
	"NavEquipmentToMeasuringPoint": {
		"__deferred": {
			"uri": "ET_EQUIPMENTSet(PLANT='PLANT%209',PLANT_SEC='PLANT_SEC%209',PLANT_LOC='PLANT_LOC%209',FUNC_LOC='FUNC_LOC%209')/NavEquipmentToMeasuringPoint"
		}
	}
}, {
	"PLANT": "PLANT 10",
	"PLANT_SEC": "PLANT_SEC 10",
	"PLANT_LOC": "PLANT_LOC 10",
	"FUNC_LOC": "FUNC_LOC 10",
	"PLANNER_GRP": "PLANNER_GRP 10",
	"EQUIPMENT": "EQUIPMENT 10",
	"EQUIPMENT_DESC": "EQUIPMENT_DESC 10",
	"__metadata": {
		"uri": "ET_EQUIPMENTSet(PLANT='PLANT%2010',PLANT_SEC='PLANT_SEC%2010',PLANT_LOC='PLANT_LOC%2010',FUNC_LOC='FUNC_LOC%2010')",
		"type": "YMPMO_MII_FILTER_DATA_SRV.ET_EQUIPMENT"
	},
	"NavEquipmentToDetails": {
		"__deferred": {
			"uri": "ET_EQUIPMENTSet(PLANT='PLANT%2010',PLANT_SEC='PLANT_SEC%2010',PLANT_LOC='PLANT_LOC%2010',FUNC_LOC='FUNC_LOC%2010')/NavEquipmentToDetails"
		}
	},
	"NavEquipmentToMeasuringPoint": {
		"__deferred": {
			"uri": "ET_EQUIPMENTSet(PLANT='PLANT%2010',PLANT_SEC='PLANT_SEC%2010',PLANT_LOC='PLANT_LOC%2010',FUNC_LOC='FUNC_LOC%2010')/NavEquipmentToMeasuringPoint"
		}
	}
}]