[{
	"PLANT": "PLANT 1",
	"PLANT_SEC": "PLANT_SEC 1",
	"PLANT_LOC": "PLANT_LOC 1",
	"FUNC_LOC": "FUNC_LOC 1",
	"FUNC_LOC_DESC": "FUNC_LOC_DESC 1",
	"__metadata": {
		"uri": "ET_FUNCT_LOCSet(PLANT='PLANT%201',PLANT_SEC='PLANT_SEC%201',PLANT_LOC='PLANT_LOC%201')",
		"type": "YMPMO_MII_FILTER_DATA_SRV.ET_FUNCT_LOC"
	},
	"NavFuncLocationToEquipment": {
		"__deferred": {
			"uri": "ET_FUNCT_LOCSet(PLANT='PLANT%201',PLANT_SEC='PLANT_SEC%201',PLANT_LOC='PLANT_LOC%201')/NavFuncLocationToEquipment"
		}
	}
}, {
	"PLANT": "PLANT 2",
	"PLANT_SEC": "PLANT_SEC 2",
	"PLANT_LOC": "PLANT_LOC 2",
	"FUNC_LOC": "FUNC_LOC 2",
	"FUNC_LOC_DESC": "FUNC_LOC_DESC 2",
	"__metadata": {
		"uri": "ET_FUNCT_LOCSet(PLANT='PLANT%202',PLANT_SEC='PLANT_SEC%202',PLANT_LOC='PLANT_LOC%202')",
		"type": "YMPMO_MII_FILTER_DATA_SRV.ET_FUNCT_LOC"
	},
	"NavFuncLocationToEquipment": {
		"__deferred": {
			"uri": "ET_FUNCT_LOCSet(PLANT='PLANT%202',PLANT_SEC='PLANT_SEC%202',PLANT_LOC='PLANT_LOC%202')/NavFuncLocationToEquipment"
		}
	}
}, {
	"PLANT": "PLANT 3",
	"PLANT_SEC": "PLANT_SEC 3",
	"PLANT_LOC": "PLANT_LOC 3",
	"FUNC_LOC": "FUNC_LOC 3",
	"FUNC_LOC_DESC": "FUNC_LOC_DESC 3",
	"__metadata": {
		"uri": "ET_FUNCT_LOCSet(PLANT='PLANT%203',PLANT_SEC='PLANT_SEC%203',PLANT_LOC='PLANT_LOC%203')",
		"type": "YMPMO_MII_FILTER_DATA_SRV.ET_FUNCT_LOC"
	},
	"NavFuncLocationToEquipment": {
		"__deferred": {
			"uri": "ET_FUNCT_LOCSet(PLANT='PLANT%203',PLANT_SEC='PLANT_SEC%203',PLANT_LOC='PLANT_LOC%203')/NavFuncLocationToEquipment"
		}
	}
}, {
	"PLANT": "PLANT 4",
	"PLANT_SEC": "PLANT_SEC 4",
	"PLANT_LOC": "PLANT_LOC 4",
	"FUNC_LOC": "FUNC_LOC 4",
	"FUNC_LOC_DESC": "FUNC_LOC_DESC 4",
	"__metadata": {
		"uri": "ET_FUNCT_LOCSet(PLANT='PLANT%204',PLANT_SEC='PLANT_SEC%204',PLANT_LOC='PLANT_LOC%204')",
		"type": "YMPMO_MII_FILTER_DATA_SRV.ET_FUNCT_LOC"
	},
	"NavFuncLocationToEquipment": {
		"__deferred": {
			"uri": "ET_FUNCT_LOCSet(PLANT='PLANT%204',PLANT_SEC='PLANT_SEC%204',PLANT_LOC='PLANT_LOC%204')/NavFuncLocationToEquipment"
		}
	}
}, {
	"PLANT": "PLANT 5",
	"PLANT_SEC": "PLANT_SEC 5",
	"PLANT_LOC": "PLANT_LOC 5",
	"FUNC_LOC": "FUNC_LOC 5",
	"FUNC_LOC_DESC": "FUNC_LOC_DESC 5",
	"__metadata": {
		"uri": "ET_FUNCT_LOCSet(PLANT='PLANT%205',PLANT_SEC='PLANT_SEC%205',PLANT_LOC='PLANT_LOC%205')",
		"type": "YMPMO_MII_FILTER_DATA_SRV.ET_FUNCT_LOC"
	},
	"NavFuncLocationToEquipment": {
		"__deferred": {
			"uri": "ET_FUNCT_LOCSet(PLANT='PLANT%205',PLANT_SEC='PLANT_SEC%205',PLANT_LOC='PLANT_LOC%205')/NavFuncLocationToEquipment"
		}
	}
}, {
	"PLANT": "PLANT 6",
	"PLANT_SEC": "PLANT_SEC 6",
	"PLANT_LOC": "PLANT_LOC 6",
	"FUNC_LOC": "FUNC_LOC 6",
	"FUNC_LOC_DESC": "FUNC_LOC_DESC 6",
	"__metadata": {
		"uri": "ET_FUNCT_LOCSet(PLANT='PLANT%206',PLANT_SEC='PLANT_SEC%206',PLANT_LOC='PLANT_LOC%206')",
		"type": "YMPMO_MII_FILTER_DATA_SRV.ET_FUNCT_LOC"
	},
	"NavFuncLocationToEquipment": {
		"__deferred": {
			"uri": "ET_FUNCT_LOCSet(PLANT='PLANT%206',PLANT_SEC='PLANT_SEC%206',PLANT_LOC='PLANT_LOC%206')/NavFuncLocationToEquipment"
		}
	}
}, {
	"PLANT": "PLANT 7",
	"PLANT_SEC": "PLANT_SEC 7",
	"PLANT_LOC": "PLANT_LOC 7",
	"FUNC_LOC": "FUNC_LOC 7",
	"FUNC_LOC_DESC": "FUNC_LOC_DESC 7",
	"__metadata": {
		"uri": "ET_FUNCT_LOCSet(PLANT='PLANT%207',PLANT_SEC='PLANT_SEC%207',PLANT_LOC='PLANT_LOC%207')",
		"type": "YMPMO_MII_FILTER_DATA_SRV.ET_FUNCT_LOC"
	},
	"NavFuncLocationToEquipment": {
		"__deferred": {
			"uri": "ET_FUNCT_LOCSet(PLANT='PLANT%207',PLANT_SEC='PLANT_SEC%207',PLANT_LOC='PLANT_LOC%207')/NavFuncLocationToEquipment"
		}
	}
}, {
	"PLANT": "PLANT 8",
	"PLANT_SEC": "PLANT_SEC 8",
	"PLANT_LOC": "PLANT_LOC 8",
	"FUNC_LOC": "FUNC_LOC 8",
	"FUNC_LOC_DESC": "FUNC_LOC_DESC 8",
	"__metadata": {
		"uri": "ET_FUNCT_LOCSet(PLANT='PLANT%208',PLANT_SEC='PLANT_SEC%208',PLANT_LOC='PLANT_LOC%208')",
		"type": "YMPMO_MII_FILTER_DATA_SRV.ET_FUNCT_LOC"
	},
	"NavFuncLocationToEquipment": {
		"__deferred": {
			"uri": "ET_FUNCT_LOCSet(PLANT='PLANT%208',PLANT_SEC='PLANT_SEC%208',PLANT_LOC='PLANT_LOC%208')/NavFuncLocationToEquipment"
		}
	}
}, {
	"PLANT": "PLANT 9",
	"PLANT_SEC": "PLANT_SEC 9",
	"PLANT_LOC": "PLANT_LOC 9",
	"FUNC_LOC": "FUNC_LOC 9",
	"FUNC_LOC_DESC": "FUNC_LOC_DESC 9",
	"__metadata": {
		"uri": "ET_FUNCT_LOCSet(PLANT='PLANT%209',PLANT_SEC='PLANT_SEC%209',PLANT_LOC='PLANT_LOC%209')",
		"type": "YMPMO_MII_FILTER_DATA_SRV.ET_FUNCT_LOC"
	},
	"NavFuncLocationToEquipment": {
		"__deferred": {
			"uri": "ET_FUNCT_LOCSet(PLANT='PLANT%209',PLANT_SEC='PLANT_SEC%209',PLANT_LOC='PLANT_LOC%209')/NavFuncLocationToEquipment"
		}
	}
}, {
	"PLANT": "PLANT 10",
	"PLANT_SEC": "PLANT_SEC 10",
	"PLANT_LOC": "PLANT_LOC 10",
	"FUNC_LOC": "FUNC_LOC 10",
	"FUNC_LOC_DESC": "FUNC_LOC_DESC 10",
	"__metadata": {
		"uri": "ET_FUNCT_LOCSet(PLANT='PLANT%2010',PLANT_SEC='PLANT_SEC%2010',PLANT_LOC='PLANT_LOC%2010')",
		"type": "YMPMO_MII_FILTER_DATA_SRV.ET_FUNCT_LOC"
	},
	"NavFuncLocationToEquipment": {
		"__deferred": {
			"uri": "ET_FUNCT_LOCSet(PLANT='PLANT%2010',PLANT_SEC='PLANT_SEC%2010',PLANT_LOC='PLANT_LOC%2010')/NavFuncLocationToEquipment"
		}
	}
}]