[{
	"PLANT": "PLANT 1",
	"PLANT_SEC": "PLANT_SEC 1",
	"PLANT_LOC": "PLANT_LOC 1",
	"FUNC_LOC": "FUNC_LOC 1",
	"PLANNER_GRP": "PLANNER_GRP 1",
	"EQUIPMENT": "EQUIPMENT 1",
	"MEASUR_POINT": "MEASUR_POINT 1",
	"MEASUR_POINT_DESC": "MEASUR_POINT_DESC 1",
	"__metadata": {
		"uri": "ET_MEASURE_POINTSet('EQUIPMENT%201')",
		"type": "YMPMO_MII_FILTER_DATA_SRV.ET_MEASURE_POINT"
	},
	"NavMeasuringPointToDetails": {
		"__deferred": {
			"uri": "ET_MEASURE_POINTSet('EQUIPMENT%201')/NavMeasuringPointToDetails"
		}
	}
}, {
	"PLANT": "PLANT 2",
	"PLANT_SEC": "PLANT_SEC 2",
	"PLANT_LOC": "PLANT_LOC 2",
	"FUNC_LOC": "FUNC_LOC 2",
	"PLANNER_GRP": "PLANNER_GRP 2",
	"EQUIPMENT": "EQUIPMENT 2",
	"MEASUR_POINT": "MEASUR_POINT 2",
	"MEASUR_POINT_DESC": "MEASUR_POINT_DESC 2",
	"__metadata": {
		"uri": "ET_MEASURE_POINTSet('EQUIPMENT%202')",
		"type": "YMPMO_MII_FILTER_DATA_SRV.ET_MEASURE_POINT"
	},
	"NavMeasuringPointToDetails": {
		"__deferred": {
			"uri": "ET_MEASURE_POINTSet('EQUIPMENT%202')/NavMeasuringPointToDetails"
		}
	}
}, {
	"PLANT": "PLANT 3",
	"PLANT_SEC": "PLANT_SEC 3",
	"PLANT_LOC": "PLANT_LOC 3",
	"FUNC_LOC": "FUNC_LOC 3",
	"PLANNER_GRP": "PLANNER_GRP 3",
	"EQUIPMENT": "EQUIPMENT 3",
	"MEASUR_POINT": "MEASUR_POINT 3",
	"MEASUR_POINT_DESC": "MEASUR_POINT_DESC 3",
	"__metadata": {
		"uri": "ET_MEASURE_POINTSet('EQUIPMENT%203')",
		"type": "YMPMO_MII_FILTER_DATA_SRV.ET_MEASURE_POINT"
	},
	"NavMeasuringPointToDetails": {
		"__deferred": {
			"uri": "ET_MEASURE_POINTSet('EQUIPMENT%203')/NavMeasuringPointToDetails"
		}
	}
}, {
	"PLANT": "PLANT 4",
	"PLANT_SEC": "PLANT_SEC 4",
	"PLANT_LOC": "PLANT_LOC 4",
	"FUNC_LOC": "FUNC_LOC 4",
	"PLANNER_GRP": "PLANNER_GRP 4",
	"EQUIPMENT": "EQUIPMENT 4",
	"MEASUR_POINT": "MEASUR_POINT 4",
	"MEASUR_POINT_DESC": "MEASUR_POINT_DESC 4",
	"__metadata": {
		"uri": "ET_MEASURE_POINTSet('EQUIPMENT%204')",
		"type": "YMPMO_MII_FILTER_DATA_SRV.ET_MEASURE_POINT"
	},
	"NavMeasuringPointToDetails": {
		"__deferred": {
			"uri": "ET_MEASURE_POINTSet('EQUIPMENT%204')/NavMeasuringPointToDetails"
		}
	}
}, {
	"PLANT": "PLANT 5",
	"PLANT_SEC": "PLANT_SEC 5",
	"PLANT_LOC": "PLANT_LOC 5",
	"FUNC_LOC": "FUNC_LOC 5",
	"PLANNER_GRP": "PLANNER_GRP 5",
	"EQUIPMENT": "EQUIPMENT 5",
	"MEASUR_POINT": "MEASUR_POINT 5",
	"MEASUR_POINT_DESC": "MEASUR_POINT_DESC 5",
	"__metadata": {
		"uri": "ET_MEASURE_POINTSet('EQUIPMENT%205')",
		"type": "YMPMO_MII_FILTER_DATA_SRV.ET_MEASURE_POINT"
	},
	"NavMeasuringPointToDetails": {
		"__deferred": {
			"uri": "ET_MEASURE_POINTSet('EQUIPMENT%205')/NavMeasuringPointToDetails"
		}
	}
}, {
	"PLANT": "PLANT 6",
	"PLANT_SEC": "PLANT_SEC 6",
	"PLANT_LOC": "PLANT_LOC 6",
	"FUNC_LOC": "FUNC_LOC 6",
	"PLANNER_GRP": "PLANNER_GRP 6",
	"EQUIPMENT": "EQUIPMENT 6",
	"MEASUR_POINT": "MEASUR_POINT 6",
	"MEASUR_POINT_DESC": "MEASUR_POINT_DESC 6",
	"__metadata": {
		"uri": "ET_MEASURE_POINTSet('EQUIPMENT%206')",
		"type": "YMPMO_MII_FILTER_DATA_SRV.ET_MEASURE_POINT"
	},
	"NavMeasuringPointToDetails": {
		"__deferred": {
			"uri": "ET_MEASURE_POINTSet('EQUIPMENT%206')/NavMeasuringPointToDetails"
		}
	}
}, {
	"PLANT": "PLANT 7",
	"PLANT_SEC": "PLANT_SEC 7",
	"PLANT_LOC": "PLANT_LOC 7",
	"FUNC_LOC": "FUNC_LOC 7",
	"PLANNER_GRP": "PLANNER_GRP 7",
	"EQUIPMENT": "EQUIPMENT 7",
	"MEASUR_POINT": "MEASUR_POINT 7",
	"MEASUR_POINT_DESC": "MEASUR_POINT_DESC 7",
	"__metadata": {
		"uri": "ET_MEASURE_POINTSet('EQUIPMENT%207')",
		"type": "YMPMO_MII_FILTER_DATA_SRV.ET_MEASURE_POINT"
	},
	"NavMeasuringPointToDetails": {
		"__deferred": {
			"uri": "ET_MEASURE_POINTSet('EQUIPMENT%207')/NavMeasuringPointToDetails"
		}
	}
}, {
	"PLANT": "PLANT 8",
	"PLANT_SEC": "PLANT_SEC 8",
	"PLANT_LOC": "PLANT_LOC 8",
	"FUNC_LOC": "FUNC_LOC 8",
	"PLANNER_GRP": "PLANNER_GRP 8",
	"EQUIPMENT": "EQUIPMENT 8",
	"MEASUR_POINT": "MEASUR_POINT 8",
	"MEASUR_POINT_DESC": "MEASUR_POINT_DESC 8",
	"__metadata": {
		"uri": "ET_MEASURE_POINTSet('EQUIPMENT%208')",
		"type": "YMPMO_MII_FILTER_DATA_SRV.ET_MEASURE_POINT"
	},
	"NavMeasuringPointToDetails": {
		"__deferred": {
			"uri": "ET_MEASURE_POINTSet('EQUIPMENT%208')/NavMeasuringPointToDetails"
		}
	}
}, {
	"PLANT": "PLANT 9",
	"PLANT_SEC": "PLANT_SEC 9",
	"PLANT_LOC": "PLANT_LOC 9",
	"FUNC_LOC": "FUNC_LOC 9",
	"PLANNER_GRP": "PLANNER_GRP 9",
	"EQUIPMENT": "EQUIPMENT 9",
	"MEASUR_POINT": "MEASUR_POINT 9",
	"MEASUR_POINT_DESC": "MEASUR_POINT_DESC 9",
	"__metadata": {
		"uri": "ET_MEASURE_POINTSet('EQUIPMENT%209')",
		"type": "YMPMO_MII_FILTER_DATA_SRV.ET_MEASURE_POINT"
	},
	"NavMeasuringPointToDetails": {
		"__deferred": {
			"uri": "ET_MEASURE_POINTSet('EQUIPMENT%209')/NavMeasuringPointToDetails"
		}
	}
}, {
	"PLANT": "PLANT 10",
	"PLANT_SEC": "PLANT_SEC 10",
	"PLANT_LOC": "PLANT_LOC 10",
	"FUNC_LOC": "FUNC_LOC 10",
	"PLANNER_GRP": "PLANNER_GRP 10",
	"EQUIPMENT": "EQUIPMENT 10",
	"MEASUR_POINT": "MEASUR_POINT 10",
	"MEASUR_POINT_DESC": "MEASUR_POINT_DESC 10",
	"__metadata": {
		"uri": "ET_MEASURE_POINTSet('EQUIPMENT%2010')",
		"type": "YMPMO_MII_FILTER_DATA_SRV.ET_MEASURE_POINT"
	},
	"NavMeasuringPointToDetails": {
		"__deferred": {
			"uri": "ET_MEASURE_POINTSet('EQUIPMENT%2010')/NavMeasuringPointToDetails"
		}
	}
}]