[{
	"PLANT": "PLANT 1",
	"PLANT_SEC": "PLANT_SEC 1",
	"PLANT_SEC_DESC": "PLANT_SEC_DESC 1",
	"__metadata": {
		"uri": "ET_PLANT_SECSet(PLANT='PLANT%201',PLANT_SEC='PLANT_SEC%201')",
		"type": "YMPMO_MII_FILTER_DATA_SRV.ET_PLANT_SEC"
	},
	"NavPlantSectionToFuncLocation": {
		"__deferred": {
			"uri": "ET_PLANT_SECSet(PLANT='PLANT%201',PLANT_SEC='PLANT_SEC%201')/NavPlantSectionToFuncLocation"
		}
	},
	"NavPlantSectionToEquipment": {
		"__deferred": {
			"uri": "ET_PLANT_SECSet(PLANT='PLANT%201',PLANT_SEC='PLANT_SEC%201')/NavPlantSectionToEquipment"
		}
	},
	"NavPlantSecToPlantLoc": {
		"__deferred": {
			"uri": "ET_PLANT_SECSet(PLANT='PLANT%201',PLANT_SEC='PLANT_SEC%201')/NavPlantSecToPlantLoc"
		}
	}
}, {
	"PLANT": "PLANT 2",
	"PLANT_SEC": "PLANT_SEC 2",
	"PLANT_SEC_DESC": "PLANT_SEC_DESC 2",
	"__metadata": {
		"uri": "ET_PLANT_SECSet(PLANT='PLANT%202',PLANT_SEC='PLANT_SEC%202')",
		"type": "YMPMO_MII_FILTER_DATA_SRV.ET_PLANT_SEC"
	},
	"NavPlantSectionToFuncLocation": {
		"__deferred": {
			"uri": "ET_PLANT_SECSet(PLANT='PLANT%202',PLANT_SEC='PLANT_SEC%202')/NavPlantSectionToFuncLocation"
		}
	},
	"NavPlantSectionToEquipment": {
		"__deferred": {
			"uri": "ET_PLANT_SECSet(PLANT='PLANT%202',PLANT_SEC='PLANT_SEC%202')/NavPlantSectionToEquipment"
		}
	},
	"NavPlantSecToPlantLoc": {
		"__deferred": {
			"uri": "ET_PLANT_SECSet(PLANT='PLANT%202',PLANT_SEC='PLANT_SEC%202')/NavPlantSecToPlantLoc"
		}
	}
}, {
	"PLANT": "PLANT 3",
	"PLANT_SEC": "PLANT_SEC 3",
	"PLANT_SEC_DESC": "PLANT_SEC_DESC 3",
	"__metadata": {
		"uri": "ET_PLANT_SECSet(PLANT='PLANT%203',PLANT_SEC='PLANT_SEC%203')",
		"type": "YMPMO_MII_FILTER_DATA_SRV.ET_PLANT_SEC"
	},
	"NavPlantSectionToFuncLocation": {
		"__deferred": {
			"uri": "ET_PLANT_SECSet(PLANT='PLANT%203',PLANT_SEC='PLANT_SEC%203')/NavPlantSectionToFuncLocation"
		}
	},
	"NavPlantSectionToEquipment": {
		"__deferred": {
			"uri": "ET_PLANT_SECSet(PLANT='PLANT%203',PLANT_SEC='PLANT_SEC%203')/NavPlantSectionToEquipment"
		}
	},
	"NavPlantSecToPlantLoc": {
		"__deferred": {
			"uri": "ET_PLANT_SECSet(PLANT='PLANT%203',PLANT_SEC='PLANT_SEC%203')/NavPlantSecToPlantLoc"
		}
	}
}, {
	"PLANT": "PLANT 4",
	"PLANT_SEC": "PLANT_SEC 4",
	"PLANT_SEC_DESC": "PLANT_SEC_DESC 4",
	"__metadata": {
		"uri": "ET_PLANT_SECSet(PLANT='PLANT%204',PLANT_SEC='PLANT_SEC%204')",
		"type": "YMPMO_MII_FILTER_DATA_SRV.ET_PLANT_SEC"
	},
	"NavPlantSectionToFuncLocation": {
		"__deferred": {
			"uri": "ET_PLANT_SECSet(PLANT='PLANT%204',PLANT_SEC='PLANT_SEC%204')/NavPlantSectionToFuncLocation"
		}
	},
	"NavPlantSectionToEquipment": {
		"__deferred": {
			"uri": "ET_PLANT_SECSet(PLANT='PLANT%204',PLANT_SEC='PLANT_SEC%204')/NavPlantSectionToEquipment"
		}
	},
	"NavPlantSecToPlantLoc": {
		"__deferred": {
			"uri": "ET_PLANT_SECSet(PLANT='PLANT%204',PLANT_SEC='PLANT_SEC%204')/NavPlantSecToPlantLoc"
		}
	}
}, {
	"PLANT": "PLANT 5",
	"PLANT_SEC": "PLANT_SEC 5",
	"PLANT_SEC_DESC": "PLANT_SEC_DESC 5",
	"__metadata": {
		"uri": "ET_PLANT_SECSet(PLANT='PLANT%205',PLANT_SEC='PLANT_SEC%205')",
		"type": "YMPMO_MII_FILTER_DATA_SRV.ET_PLANT_SEC"
	},
	"NavPlantSectionToFuncLocation": {
		"__deferred": {
			"uri": "ET_PLANT_SECSet(PLANT='PLANT%205',PLANT_SEC='PLANT_SEC%205')/NavPlantSectionToFuncLocation"
		}
	},
	"NavPlantSectionToEquipment": {
		"__deferred": {
			"uri": "ET_PLANT_SECSet(PLANT='PLANT%205',PLANT_SEC='PLANT_SEC%205')/NavPlantSectionToEquipment"
		}
	},
	"NavPlantSecToPlantLoc": {
		"__deferred": {
			"uri": "ET_PLANT_SECSet(PLANT='PLANT%205',PLANT_SEC='PLANT_SEC%205')/NavPlantSecToPlantLoc"
		}
	}
}, {
	"PLANT": "PLANT 6",
	"PLANT_SEC": "PLANT_SEC 6",
	"PLANT_SEC_DESC": "PLANT_SEC_DESC 6",
	"__metadata": {
		"uri": "ET_PLANT_SECSet(PLANT='PLANT%206',PLANT_SEC='PLANT_SEC%206')",
		"type": "YMPMO_MII_FILTER_DATA_SRV.ET_PLANT_SEC"
	},
	"NavPlantSectionToFuncLocation": {
		"__deferred": {
			"uri": "ET_PLANT_SECSet(PLANT='PLANT%206',PLANT_SEC='PLANT_SEC%206')/NavPlantSectionToFuncLocation"
		}
	},
	"NavPlantSectionToEquipment": {
		"__deferred": {
			"uri": "ET_PLANT_SECSet(PLANT='PLANT%206',PLANT_SEC='PLANT_SEC%206')/NavPlantSectionToEquipment"
		}
	},
	"NavPlantSecToPlantLoc": {
		"__deferred": {
			"uri": "ET_PLANT_SECSet(PLANT='PLANT%206',PLANT_SEC='PLANT_SEC%206')/NavPlantSecToPlantLoc"
		}
	}
}, {
	"PLANT": "PLANT 7",
	"PLANT_SEC": "PLANT_SEC 7",
	"PLANT_SEC_DESC": "PLANT_SEC_DESC 7",
	"__metadata": {
		"uri": "ET_PLANT_SECSet(PLANT='PLANT%207',PLANT_SEC='PLANT_SEC%207')",
		"type": "YMPMO_MII_FILTER_DATA_SRV.ET_PLANT_SEC"
	},
	"NavPlantSectionToFuncLocation": {
		"__deferred": {
			"uri": "ET_PLANT_SECSet(PLANT='PLANT%207',PLANT_SEC='PLANT_SEC%207')/NavPlantSectionToFuncLocation"
		}
	},
	"NavPlantSectionToEquipment": {
		"__deferred": {
			"uri": "ET_PLANT_SECSet(PLANT='PLANT%207',PLANT_SEC='PLANT_SEC%207')/NavPlantSectionToEquipment"
		}
	},
	"NavPlantSecToPlantLoc": {
		"__deferred": {
			"uri": "ET_PLANT_SECSet(PLANT='PLANT%207',PLANT_SEC='PLANT_SEC%207')/NavPlantSecToPlantLoc"
		}
	}
}, {
	"PLANT": "PLANT 8",
	"PLANT_SEC": "PLANT_SEC 8",
	"PLANT_SEC_DESC": "PLANT_SEC_DESC 8",
	"__metadata": {
		"uri": "ET_PLANT_SECSet(PLANT='PLANT%208',PLANT_SEC='PLANT_SEC%208')",
		"type": "YMPMO_MII_FILTER_DATA_SRV.ET_PLANT_SEC"
	},
	"NavPlantSectionToFuncLocation": {
		"__deferred": {
			"uri": "ET_PLANT_SECSet(PLANT='PLANT%208',PLANT_SEC='PLANT_SEC%208')/NavPlantSectionToFuncLocation"
		}
	},
	"NavPlantSectionToEquipment": {
		"__deferred": {
			"uri": "ET_PLANT_SECSet(PLANT='PLANT%208',PLANT_SEC='PLANT_SEC%208')/NavPlantSectionToEquipment"
		}
	},
	"NavPlantSecToPlantLoc": {
		"__deferred": {
			"uri": "ET_PLANT_SECSet(PLANT='PLANT%208',PLANT_SEC='PLANT_SEC%208')/NavPlantSecToPlantLoc"
		}
	}
}, {
	"PLANT": "PLANT 9",
	"PLANT_SEC": "PLANT_SEC 9",
	"PLANT_SEC_DESC": "PLANT_SEC_DESC 9",
	"__metadata": {
		"uri": "ET_PLANT_SECSet(PLANT='PLANT%209',PLANT_SEC='PLANT_SEC%209')",
		"type": "YMPMO_MII_FILTER_DATA_SRV.ET_PLANT_SEC"
	},
	"NavPlantSectionToFuncLocation": {
		"__deferred": {
			"uri": "ET_PLANT_SECSet(PLANT='PLANT%209',PLANT_SEC='PLANT_SEC%209')/NavPlantSectionToFuncLocation"
		}
	},
	"NavPlantSectionToEquipment": {
		"__deferred": {
			"uri": "ET_PLANT_SECSet(PLANT='PLANT%209',PLANT_SEC='PLANT_SEC%209')/NavPlantSectionToEquipment"
		}
	},
	"NavPlantSecToPlantLoc": {
		"__deferred": {
			"uri": "ET_PLANT_SECSet(PLANT='PLANT%209',PLANT_SEC='PLANT_SEC%209')/NavPlantSecToPlantLoc"
		}
	}
}, {
	"PLANT": "PLANT 10",
	"PLANT_SEC": "PLANT_SEC 10",
	"PLANT_SEC_DESC": "PLANT_SEC_DESC 10",
	"__metadata": {
		"uri": "ET_PLANT_SECSet(PLANT='PLANT%2010',PLANT_SEC='PLANT_SEC%2010')",
		"type": "YMPMO_MII_FILTER_DATA_SRV.ET_PLANT_SEC"
	},
	"NavPlantSectionToFuncLocation": {
		"__deferred": {
			"uri": "ET_PLANT_SECSet(PLANT='PLANT%2010',PLANT_SEC='PLANT_SEC%2010')/NavPlantSectionToFuncLocation"
		}
	},
	"NavPlantSectionToEquipment": {
		"__deferred": {
			"uri": "ET_PLANT_SECSet(PLANT='PLANT%2010',PLANT_SEC='PLANT_SEC%2010')/NavPlantSectionToEquipment"
		}
	},
	"NavPlantSecToPlantLoc": {
		"__deferred": {
			"uri": "ET_PLANT_SECSet(PLANT='PLANT%2010',PLANT_SEC='PLANT_SEC%2010')/NavPlantSecToPlantLoc"
		}
	}
}]