[{
	"PLANT": "PLANT 1",
	"PLANT_DESC": "PLANT_DESC 1",
	"__metadata": {
		"uri": "ET_PLANTSet('PLANT%201')",
		"type": "YMPMO_MII_FILTER_DATA_SRV.ET_PLANT"
	},
	"NavPlantToPlantSection": {
		"__deferred": {
			"uri": "ET_PLANTSet('PLANT%201')/NavPlantToPlantSection"
		}
	},
	"NavPlantToPlantLocation": {
		"__deferred": {
			"uri": "ET_PLANTSet('PLANT%201')/NavPlantToPlantLocation"
		}
	},
	"NavPlantToPlannerGrp": {
		"__deferred": {
			"uri": "ET_PLANTSet('PLANT%201')/NavPlantToPlannerGrp"
		}
	},
	"NavPlantToFunctLoc": {
		"__deferred": {
			"uri": "ET_PLANTSet('PLANT%201')/NavPlantToFunctLoc"
		}
	},
	"NavPlantToEquipment": {
		"__deferred": {
			"uri": "ET_PLANTSet('PLANT%201')/NavPlantToEquipment"
		}
	}
}, {
	"PLANT": "PLANT 2",
	"PLANT_DESC": "PLANT_DESC 2",
	"__metadata": {
		"uri": "ET_PLANTSet('PLANT%202')",
		"type": "YMPMO_MII_FILTER_DATA_SRV.ET_PLANT"
	},
	"NavPlantToPlantSection": {
		"__deferred": {
			"uri": "ET_PLANTSet('PLANT%202')/NavPlantToPlantSection"
		}
	},
	"NavPlantToPlantLocation": {
		"__deferred": {
			"uri": "ET_PLANTSet('PLANT%202')/NavPlantToPlantLocation"
		}
	},
	"NavPlantToPlannerGrp": {
		"__deferred": {
			"uri": "ET_PLANTSet('PLANT%202')/NavPlantToPlannerGrp"
		}
	},
	"NavPlantToFunctLoc": {
		"__deferred": {
			"uri": "ET_PLANTSet('PLANT%202')/NavPlantToFunctLoc"
		}
	},
	"NavPlantToEquipment": {
		"__deferred": {
			"uri": "ET_PLANTSet('PLANT%202')/NavPlantToEquipment"
		}
	}
}, {
	"PLANT": "PLANT 3",
	"PLANT_DESC": "PLANT_DESC 3",
	"__metadata": {
		"uri": "ET_PLANTSet('PLANT%203')",
		"type": "YMPMO_MII_FILTER_DATA_SRV.ET_PLANT"
	},
	"NavPlantToPlantSection": {
		"__deferred": {
			"uri": "ET_PLANTSet('PLANT%203')/NavPlantToPlantSection"
		}
	},
	"NavPlantToPlantLocation": {
		"__deferred": {
			"uri": "ET_PLANTSet('PLANT%203')/NavPlantToPlantLocation"
		}
	},
	"NavPlantToPlannerGrp": {
		"__deferred": {
			"uri": "ET_PLANTSet('PLANT%203')/NavPlantToPlannerGrp"
		}
	},
	"NavPlantToFunctLoc": {
		"__deferred": {
			"uri": "ET_PLANTSet('PLANT%203')/NavPlantToFunctLoc"
		}
	},
	"NavPlantToEquipment": {
		"__deferred": {
			"uri": "ET_PLANTSet('PLANT%203')/NavPlantToEquipment"
		}
	}
}, {
	"PLANT": "PLANT 4",
	"PLANT_DESC": "PLANT_DESC 4",
	"__metadata": {
		"uri": "ET_PLANTSet('PLANT%204')",
		"type": "YMPMO_MII_FILTER_DATA_SRV.ET_PLANT"
	},
	"NavPlantToPlantSection": {
		"__deferred": {
			"uri": "ET_PLANTSet('PLANT%204')/NavPlantToPlantSection"
		}
	},
	"NavPlantToPlantLocation": {
		"__deferred": {
			"uri": "ET_PLANTSet('PLANT%204')/NavPlantToPlantLocation"
		}
	},
	"NavPlantToPlannerGrp": {
		"__deferred": {
			"uri": "ET_PLANTSet('PLANT%204')/NavPlantToPlannerGrp"
		}
	},
	"NavPlantToFunctLoc": {
		"__deferred": {
			"uri": "ET_PLANTSet('PLANT%204')/NavPlantToFunctLoc"
		}
	},
	"NavPlantToEquipment": {
		"__deferred": {
			"uri": "ET_PLANTSet('PLANT%204')/NavPlantToEquipment"
		}
	}
}, {
	"PLANT": "PLANT 5",
	"PLANT_DESC": "PLANT_DESC 5",
	"__metadata": {
		"uri": "ET_PLANTSet('PLANT%205')",
		"type": "YMPMO_MII_FILTER_DATA_SRV.ET_PLANT"
	},
	"NavPlantToPlantSection": {
		"__deferred": {
			"uri": "ET_PLANTSet('PLANT%205')/NavPlantToPlantSection"
		}
	},
	"NavPlantToPlantLocation": {
		"__deferred": {
			"uri": "ET_PLANTSet('PLANT%205')/NavPlantToPlantLocation"
		}
	},
	"NavPlantToPlannerGrp": {
		"__deferred": {
			"uri": "ET_PLANTSet('PLANT%205')/NavPlantToPlannerGrp"
		}
	},
	"NavPlantToFunctLoc": {
		"__deferred": {
			"uri": "ET_PLANTSet('PLANT%205')/NavPlantToFunctLoc"
		}
	},
	"NavPlantToEquipment": {
		"__deferred": {
			"uri": "ET_PLANTSet('PLANT%205')/NavPlantToEquipment"
		}
	}
}, {
	"PLANT": "PLANT 6",
	"PLANT_DESC": "PLANT_DESC 6",
	"__metadata": {
		"uri": "ET_PLANTSet('PLANT%206')",
		"type": "YMPMO_MII_FILTER_DATA_SRV.ET_PLANT"
	},
	"NavPlantToPlantSection": {
		"__deferred": {
			"uri": "ET_PLANTSet('PLANT%206')/NavPlantToPlantSection"
		}
	},
	"NavPlantToPlantLocation": {
		"__deferred": {
			"uri": "ET_PLANTSet('PLANT%206')/NavPlantToPlantLocation"
		}
	},
	"NavPlantToPlannerGrp": {
		"__deferred": {
			"uri": "ET_PLANTSet('PLANT%206')/NavPlantToPlannerGrp"
		}
	},
	"NavPlantToFunctLoc": {
		"__deferred": {
			"uri": "ET_PLANTSet('PLANT%206')/NavPlantToFunctLoc"
		}
	},
	"NavPlantToEquipment": {
		"__deferred": {
			"uri": "ET_PLANTSet('PLANT%206')/NavPlantToEquipment"
		}
	}
}, {
	"PLANT": "PLANT 7",
	"PLANT_DESC": "PLANT_DESC 7",
	"__metadata": {
		"uri": "ET_PLANTSet('PLANT%207')",
		"type": "YMPMO_MII_FILTER_DATA_SRV.ET_PLANT"
	},
	"NavPlantToPlantSection": {
		"__deferred": {
			"uri": "ET_PLANTSet('PLANT%207')/NavPlantToPlantSection"
		}
	},
	"NavPlantToPlantLocation": {
		"__deferred": {
			"uri": "ET_PLANTSet('PLANT%207')/NavPlantToPlantLocation"
		}
	},
	"NavPlantToPlannerGrp": {
		"__deferred": {
			"uri": "ET_PLANTSet('PLANT%207')/NavPlantToPlannerGrp"
		}
	},
	"NavPlantToFunctLoc": {
		"__deferred": {
			"uri": "ET_PLANTSet('PLANT%207')/NavPlantToFunctLoc"
		}
	},
	"NavPlantToEquipment": {
		"__deferred": {
			"uri": "ET_PLANTSet('PLANT%207')/NavPlantToEquipment"
		}
	}
}, {
	"PLANT": "PLANT 8",
	"PLANT_DESC": "PLANT_DESC 8",
	"__metadata": {
		"uri": "ET_PLANTSet('PLANT%208')",
		"type": "YMPMO_MII_FILTER_DATA_SRV.ET_PLANT"
	},
	"NavPlantToPlantSection": {
		"__deferred": {
			"uri": "ET_PLANTSet('PLANT%208')/NavPlantToPlantSection"
		}
	},
	"NavPlantToPlantLocation": {
		"__deferred": {
			"uri": "ET_PLANTSet('PLANT%208')/NavPlantToPlantLocation"
		}
	},
	"NavPlantToPlannerGrp": {
		"__deferred": {
			"uri": "ET_PLANTSet('PLANT%208')/NavPlantToPlannerGrp"
		}
	},
	"NavPlantToFunctLoc": {
		"__deferred": {
			"uri": "ET_PLANTSet('PLANT%208')/NavPlantToFunctLoc"
		}
	},
	"NavPlantToEquipment": {
		"__deferred": {
			"uri": "ET_PLANTSet('PLANT%208')/NavPlantToEquipment"
		}
	}
}, {
	"PLANT": "PLANT 9",
	"PLANT_DESC": "PLANT_DESC 9",
	"__metadata": {
		"uri": "ET_PLANTSet('PLANT%209')",
		"type": "YMPMO_MII_FILTER_DATA_SRV.ET_PLANT"
	},
	"NavPlantToPlantSection": {
		"__deferred": {
			"uri": "ET_PLANTSet('PLANT%209')/NavPlantToPlantSection"
		}
	},
	"NavPlantToPlantLocation": {
		"__deferred": {
			"uri": "ET_PLANTSet('PLANT%209')/NavPlantToPlantLocation"
		}
	},
	"NavPlantToPlannerGrp": {
		"__deferred": {
			"uri": "ET_PLANTSet('PLANT%209')/NavPlantToPlannerGrp"
		}
	},
	"NavPlantToFunctLoc": {
		"__deferred": {
			"uri": "ET_PLANTSet('PLANT%209')/NavPlantToFunctLoc"
		}
	},
	"NavPlantToEquipment": {
		"__deferred": {
			"uri": "ET_PLANTSet('PLANT%209')/NavPlantToEquipment"
		}
	}
}, {
	"PLANT": "PLANT 10",
	"PLANT_DESC": "PLANT_DESC 10",
	"__metadata": {
		"uri": "ET_PLANTSet('PLANT%2010')",
		"type": "YMPMO_MII_FILTER_DATA_SRV.ET_PLANT"
	},
	"NavPlantToPlantSection": {
		"__deferred": {
			"uri": "ET_PLANTSet('PLANT%2010')/NavPlantToPlantSection"
		}
	},
	"NavPlantToPlantLocation": {
		"__deferred": {
			"uri": "ET_PLANTSet('PLANT%2010')/NavPlantToPlantLocation"
		}
	},
	"NavPlantToPlannerGrp": {
		"__deferred": {
			"uri": "ET_PLANTSet('PLANT%2010')/NavPlantToPlannerGrp"
		}
	},
	"NavPlantToFunctLoc": {
		"__deferred": {
			"uri": "ET_PLANTSet('PLANT%2010')/NavPlantToFunctLoc"
		}
	},
	"NavPlantToEquipment": {
		"__deferred": {
			"uri": "ET_PLANTSet('PLANT%2010')/NavPlantToEquipment"
		}
	}
}]