[{
	"PLANT": "PLANT 1",
	"PLANT_SEC": "PLANT_SEC 1",
	"PLANT_LOC": "PLANT_LOC 1",
	"FUNC_LOC": "FUNC_LOC 1",
	"PLANNER_GRP": "PLANNER_GRP 1",
	"PLANNER_GRP_DESC": "PLANNER_GRP_DESC 1",
	"__metadata": {
		"uri": "ET_PLANNER_GRPSet(PLANT='PLANT%201',PLANNER_GRP='PLANNER_GRP%201')",
		"type": "YMPMO_MII_FILTER_DATA_SRV.ET_PLANNER_GRP"
	}
}, {
	"PLANT": "PLANT 2",
	"PLANT_SEC": "PLANT_SEC 2",
	"PLANT_LOC": "PLANT_LOC 2",
	"FUNC_LOC": "FUNC_LOC 2",
	"PLANNER_GRP": "PLANNER_GRP 2",
	"PLANNER_GRP_DESC": "PLANNER_GRP_DESC 2",
	"__metadata": {
		"uri": "ET_PLANNER_GRPSet(PLANT='PLANT%202',PLANNER_GRP='PLANNER_GRP%202')",
		"type": "YMPMO_MII_FILTER_DATA_SRV.ET_PLANNER_GRP"
	}
}, {
	"PLANT": "PLANT 3",
	"PLANT_SEC": "PLANT_SEC 3",
	"PLANT_LOC": "PLANT_LOC 3",
	"FUNC_LOC": "FUNC_LOC 3",
	"PLANNER_GRP": "PLANNER_GRP 3",
	"PLANNER_GRP_DESC": "PLANNER_GRP_DESC 3",
	"__metadata": {
		"uri": "ET_PLANNER_GRPSet(PLANT='PLANT%203',PLANNER_GRP='PLANNER_GRP%203')",
		"type": "YMPMO_MII_FILTER_DATA_SRV.ET_PLANNER_GRP"
	}
}, {
	"PLANT": "PLANT 4",
	"PLANT_SEC": "PLANT_SEC 4",
	"PLANT_LOC": "PLANT_LOC 4",
	"FUNC_LOC": "FUNC_LOC 4",
	"PLANNER_GRP": "PLANNER_GRP 4",
	"PLANNER_GRP_DESC": "PLANNER_GRP_DESC 4",
	"__metadata": {
		"uri": "ET_PLANNER_GRPSet(PLANT='PLANT%204',PLANNER_GRP='PLANNER_GRP%204')",
		"type": "YMPMO_MII_FILTER_DATA_SRV.ET_PLANNER_GRP"
	}
}, {
	"PLANT": "PLANT 5",
	"PLANT_SEC": "PLANT_SEC 5",
	"PLANT_LOC": "PLANT_LOC 5",
	"FUNC_LOC": "FUNC_LOC 5",
	"PLANNER_GRP": "PLANNER_GRP 5",
	"PLANNER_GRP_DESC": "PLANNER_GRP_DESC 5",
	"__metadata": {
		"uri": "ET_PLANNER_GRPSet(PLANT='PLANT%205',PLANNER_GRP='PLANNER_GRP%205')",
		"type": "YMPMO_MII_FILTER_DATA_SRV.ET_PLANNER_GRP"
	}
}, {
	"PLANT": "PLANT 6",
	"PLANT_SEC": "PLANT_SEC 6",
	"PLANT_LOC": "PLANT_LOC 6",
	"FUNC_LOC": "FUNC_LOC 6",
	"PLANNER_GRP": "PLANNER_GRP 6",
	"PLANNER_GRP_DESC": "PLANNER_GRP_DESC 6",
	"__metadata": {
		"uri": "ET_PLANNER_GRPSet(PLANT='PLANT%206',PLANNER_GRP='PLANNER_GRP%206')",
		"type": "YMPMO_MII_FILTER_DATA_SRV.ET_PLANNER_GRP"
	}
}, {
	"PLANT": "PLANT 7",
	"PLANT_SEC": "PLANT_SEC 7",
	"PLANT_LOC": "PLANT_LOC 7",
	"FUNC_LOC": "FUNC_LOC 7",
	"PLANNER_GRP": "PLANNER_GRP 7",
	"PLANNER_GRP_DESC": "PLANNER_GRP_DESC 7",
	"__metadata": {
		"uri": "ET_PLANNER_GRPSet(PLANT='PLANT%207',PLANNER_GRP='PLANNER_GRP%207')",
		"type": "YMPMO_MII_FILTER_DATA_SRV.ET_PLANNER_GRP"
	}
}, {
	"PLANT": "PLANT 8",
	"PLANT_SEC": "PLANT_SEC 8",
	"PLANT_LOC": "PLANT_LOC 8",
	"FUNC_LOC": "FUNC_LOC 8",
	"PLANNER_GRP": "PLANNER_GRP 8",
	"PLANNER_GRP_DESC": "PLANNER_GRP_DESC 8",
	"__metadata": {
		"uri": "ET_PLANNER_GRPSet(PLANT='PLANT%208',PLANNER_GRP='PLANNER_GRP%208')",
		"type": "YMPMO_MII_FILTER_DATA_SRV.ET_PLANNER_GRP"
	}
}, {
	"PLANT": "PLANT 9",
	"PLANT_SEC": "PLANT_SEC 9",
	"PLANT_LOC": "PLANT_LOC 9",
	"FUNC_LOC": "FUNC_LOC 9",
	"PLANNER_GRP": "PLANNER_GRP 9",
	"PLANNER_GRP_DESC": "PLANNER_GRP_DESC 9",
	"__metadata": {
		"uri": "ET_PLANNER_GRPSet(PLANT='PLANT%209',PLANNER_GRP='PLANNER_GRP%209')",
		"type": "YMPMO_MII_FILTER_DATA_SRV.ET_PLANNER_GRP"
	}
}, {
	"PLANT": "PLANT 10",
	"PLANT_SEC": "PLANT_SEC 10",
	"PLANT_LOC": "PLANT_LOC 10",
	"FUNC_LOC": "FUNC_LOC 10",
	"PLANNER_GRP": "PLANNER_GRP 10",
	"PLANNER_GRP_DESC": "PLANNER_GRP_DESC 10",
	"__metadata": {
		"uri": "ET_PLANNER_GRPSet(PLANT='PLANT%2010',PLANNER_GRP='PLANNER_GRP%2010')",
		"type": "YMPMO_MII_FILTER_DATA_SRV.ET_PLANNER_GRP"
	}
}]