[{
	"PLANT": "PLANT 1",
	"PLANT_SEC": "PLANT_SEC 1",
	"PLANT_LOC": "PLANT_LOC 1",
	"PLANT_LOC_DESC": "PLANT_LOC_DESC 1",
	"__metadata": {
		"uri": "ET_PLANT_LOCSet(PLANT='PLANT%201',PLANT_LOC='PLANT_LOC%201')",
		"type": "YMPMO_MII_FILTER_DATA_SRV.ET_PLANT_LOC"
	},
	"NavPlantLocationToEquipment": {
		"__deferred": {
			"uri": "ET_PLANT_LOCSet(PLANT='PLANT%201',PLANT_LOC='PLANT_LOC%201')/NavPlantLocationToEquipment"
		}
	},
	"NavPlantLocationToFuncLocation": {
		"__deferred": {
			"uri": "ET_PLANT_LOCSet(PLANT='PLANT%201',PLANT_LOC='PLANT_LOC%201')/NavPlantLocationToFuncLocation"
		}
	},
	"ET_PLANT_SEC": {
		"__deferred": {
			"uri": "ET_PLANT_LOCSet(PLANT='PLANT%201',PLANT_LOC='PLANT_LOC%201')/ET_PLANT_SEC"
		}
	}
}, {
	"PLANT": "PLANT 2",
	"PLANT_SEC": "PLANT_SEC 2",
	"PLANT_LOC": "PLANT_LOC 2",
	"PLANT_LOC_DESC": "PLANT_LOC_DESC 2",
	"__metadata": {
		"uri": "ET_PLANT_LOCSet(PLANT='PLANT%202',PLANT_LOC='PLANT_LOC%202')",
		"type": "YMPMO_MII_FILTER_DATA_SRV.ET_PLANT_LOC"
	},
	"NavPlantLocationToEquipment": {
		"__deferred": {
			"uri": "ET_PLANT_LOCSet(PLANT='PLANT%202',PLANT_LOC='PLANT_LOC%202')/NavPlantLocationToEquipment"
		}
	},
	"NavPlantLocationToFuncLocation": {
		"__deferred": {
			"uri": "ET_PLANT_LOCSet(PLANT='PLANT%202',PLANT_LOC='PLANT_LOC%202')/NavPlantLocationToFuncLocation"
		}
	},
	"ET_PLANT_SEC": {
		"__deferred": {
			"uri": "ET_PLANT_LOCSet(PLANT='PLANT%202',PLANT_LOC='PLANT_LOC%202')/ET_PLANT_SEC"
		}
	}
}, {
	"PLANT": "PLANT 3",
	"PLANT_SEC": "PLANT_SEC 3",
	"PLANT_LOC": "PLANT_LOC 3",
	"PLANT_LOC_DESC": "PLANT_LOC_DESC 3",
	"__metadata": {
		"uri": "ET_PLANT_LOCSet(PLANT='PLANT%203',PLANT_LOC='PLANT_LOC%203')",
		"type": "YMPMO_MII_FILTER_DATA_SRV.ET_PLANT_LOC"
	},
	"NavPlantLocationToEquipment": {
		"__deferred": {
			"uri": "ET_PLANT_LOCSet(PLANT='PLANT%203',PLANT_LOC='PLANT_LOC%203')/NavPlantLocationToEquipment"
		}
	},
	"NavPlantLocationToFuncLocation": {
		"__deferred": {
			"uri": "ET_PLANT_LOCSet(PLANT='PLANT%203',PLANT_LOC='PLANT_LOC%203')/NavPlantLocationToFuncLocation"
		}
	},
	"ET_PLANT_SEC": {
		"__deferred": {
			"uri": "ET_PLANT_LOCSet(PLANT='PLANT%203',PLANT_LOC='PLANT_LOC%203')/ET_PLANT_SEC"
		}
	}
}, {
	"PLANT": "PLANT 4",
	"PLANT_SEC": "PLANT_SEC 4",
	"PLANT_LOC": "PLANT_LOC 4",
	"PLANT_LOC_DESC": "PLANT_LOC_DESC 4",
	"__metadata": {
		"uri": "ET_PLANT_LOCSet(PLANT='PLANT%204',PLANT_LOC='PLANT_LOC%204')",
		"type": "YMPMO_MII_FILTER_DATA_SRV.ET_PLANT_LOC"
	},
	"NavPlantLocationToEquipment": {
		"__deferred": {
			"uri": "ET_PLANT_LOCSet(PLANT='PLANT%204',PLANT_LOC='PLANT_LOC%204')/NavPlantLocationToEquipment"
		}
	},
	"NavPlantLocationToFuncLocation": {
		"__deferred": {
			"uri": "ET_PLANT_LOCSet(PLANT='PLANT%204',PLANT_LOC='PLANT_LOC%204')/NavPlantLocationToFuncLocation"
		}
	},
	"ET_PLANT_SEC": {
		"__deferred": {
			"uri": "ET_PLANT_LOCSet(PLANT='PLANT%204',PLANT_LOC='PLANT_LOC%204')/ET_PLANT_SEC"
		}
	}
}, {
	"PLANT": "PLANT 5",
	"PLANT_SEC": "PLANT_SEC 5",
	"PLANT_LOC": "PLANT_LOC 5",
	"PLANT_LOC_DESC": "PLANT_LOC_DESC 5",
	"__metadata": {
		"uri": "ET_PLANT_LOCSet(PLANT='PLANT%205',PLANT_LOC='PLANT_LOC%205')",
		"type": "YMPMO_MII_FILTER_DATA_SRV.ET_PLANT_LOC"
	},
	"NavPlantLocationToEquipment": {
		"__deferred": {
			"uri": "ET_PLANT_LOCSet(PLANT='PLANT%205',PLANT_LOC='PLANT_LOC%205')/NavPlantLocationToEquipment"
		}
	},
	"NavPlantLocationToFuncLocation": {
		"__deferred": {
			"uri": "ET_PLANT_LOCSet(PLANT='PLANT%205',PLANT_LOC='PLANT_LOC%205')/NavPlantLocationToFuncLocation"
		}
	},
	"ET_PLANT_SEC": {
		"__deferred": {
			"uri": "ET_PLANT_LOCSet(PLANT='PLANT%205',PLANT_LOC='PLANT_LOC%205')/ET_PLANT_SEC"
		}
	}
}, {
	"PLANT": "PLANT 6",
	"PLANT_SEC": "PLANT_SEC 6",
	"PLANT_LOC": "PLANT_LOC 6",
	"PLANT_LOC_DESC": "PLANT_LOC_DESC 6",
	"__metadata": {
		"uri": "ET_PLANT_LOCSet(PLANT='PLANT%206',PLANT_LOC='PLANT_LOC%206')",
		"type": "YMPMO_MII_FILTER_DATA_SRV.ET_PLANT_LOC"
	},
	"NavPlantLocationToEquipment": {
		"__deferred": {
			"uri": "ET_PLANT_LOCSet(PLANT='PLANT%206',PLANT_LOC='PLANT_LOC%206')/NavPlantLocationToEquipment"
		}
	},
	"NavPlantLocationToFuncLocation": {
		"__deferred": {
			"uri": "ET_PLANT_LOCSet(PLANT='PLANT%206',PLANT_LOC='PLANT_LOC%206')/NavPlantLocationToFuncLocation"
		}
	},
	"ET_PLANT_SEC": {
		"__deferred": {
			"uri": "ET_PLANT_LOCSet(PLANT='PLANT%206',PLANT_LOC='PLANT_LOC%206')/ET_PLANT_SEC"
		}
	}
}, {
	"PLANT": "PLANT 7",
	"PLANT_SEC": "PLANT_SEC 7",
	"PLANT_LOC": "PLANT_LOC 7",
	"PLANT_LOC_DESC": "PLANT_LOC_DESC 7",
	"__metadata": {
		"uri": "ET_PLANT_LOCSet(PLANT='PLANT%207',PLANT_LOC='PLANT_LOC%207')",
		"type": "YMPMO_MII_FILTER_DATA_SRV.ET_PLANT_LOC"
	},
	"NavPlantLocationToEquipment": {
		"__deferred": {
			"uri": "ET_PLANT_LOCSet(PLANT='PLANT%207',PLANT_LOC='PLANT_LOC%207')/NavPlantLocationToEquipment"
		}
	},
	"NavPlantLocationToFuncLocation": {
		"__deferred": {
			"uri": "ET_PLANT_LOCSet(PLANT='PLANT%207',PLANT_LOC='PLANT_LOC%207')/NavPlantLocationToFuncLocation"
		}
	},
	"ET_PLANT_SEC": {
		"__deferred": {
			"uri": "ET_PLANT_LOCSet(PLANT='PLANT%207',PLANT_LOC='PLANT_LOC%207')/ET_PLANT_SEC"
		}
	}
}, {
	"PLANT": "PLANT 8",
	"PLANT_SEC": "PLANT_SEC 8",
	"PLANT_LOC": "PLANT_LOC 8",
	"PLANT_LOC_DESC": "PLANT_LOC_DESC 8",
	"__metadata": {
		"uri": "ET_PLANT_LOCSet(PLANT='PLANT%208',PLANT_LOC='PLANT_LOC%208')",
		"type": "YMPMO_MII_FILTER_DATA_SRV.ET_PLANT_LOC"
	},
	"NavPlantLocationToEquipment": {
		"__deferred": {
			"uri": "ET_PLANT_LOCSet(PLANT='PLANT%208',PLANT_LOC='PLANT_LOC%208')/NavPlantLocationToEquipment"
		}
	},
	"NavPlantLocationToFuncLocation": {
		"__deferred": {
			"uri": "ET_PLANT_LOCSet(PLANT='PLANT%208',PLANT_LOC='PLANT_LOC%208')/NavPlantLocationToFuncLocation"
		}
	},
	"ET_PLANT_SEC": {
		"__deferred": {
			"uri": "ET_PLANT_LOCSet(PLANT='PLANT%208',PLANT_LOC='PLANT_LOC%208')/ET_PLANT_SEC"
		}
	}
}, {
	"PLANT": "PLANT 9",
	"PLANT_SEC": "PLANT_SEC 9",
	"PLANT_LOC": "PLANT_LOC 9",
	"PLANT_LOC_DESC": "PLANT_LOC_DESC 9",
	"__metadata": {
		"uri": "ET_PLANT_LOCSet(PLANT='PLANT%209',PLANT_LOC='PLANT_LOC%209')",
		"type": "YMPMO_MII_FILTER_DATA_SRV.ET_PLANT_LOC"
	},
	"NavPlantLocationToEquipment": {
		"__deferred": {
			"uri": "ET_PLANT_LOCSet(PLANT='PLANT%209',PLANT_LOC='PLANT_LOC%209')/NavPlantLocationToEquipment"
		}
	},
	"NavPlantLocationToFuncLocation": {
		"__deferred": {
			"uri": "ET_PLANT_LOCSet(PLANT='PLANT%209',PLANT_LOC='PLANT_LOC%209')/NavPlantLocationToFuncLocation"
		}
	},
	"ET_PLANT_SEC": {
		"__deferred": {
			"uri": "ET_PLANT_LOCSet(PLANT='PLANT%209',PLANT_LOC='PLANT_LOC%209')/ET_PLANT_SEC"
		}
	}
}, {
	"PLANT": "PLANT 10",
	"PLANT_SEC": "PLANT_SEC 10",
	"PLANT_LOC": "PLANT_LOC 10",
	"PLANT_LOC_DESC": "PLANT_LOC_DESC 10",
	"__metadata": {
		"uri": "ET_PLANT_LOCSet(PLANT='PLANT%2010',PLANT_LOC='PLANT_LOC%2010')",
		"type": "YMPMO_MII_FILTER_DATA_SRV.ET_PLANT_LOC"
	},
	"NavPlantLocationToEquipment": {
		"__deferred": {
			"uri": "ET_PLANT_LOCSet(PLANT='PLANT%2010',PLANT_LOC='PLANT_LOC%2010')/NavPlantLocationToEquipment"
		}
	},
	"NavPlantLocationToFuncLocation": {
		"__deferred": {
			"uri": "ET_PLANT_LOCSet(PLANT='PLANT%2010',PLANT_LOC='PLANT_LOC%2010')/NavPlantLocationToFuncLocation"
		}
	},
	"ET_PLANT_SEC": {
		"__deferred": {
			"uri": "ET_PLANT_LOCSet(PLANT='PLANT%2010',PLANT_LOC='PLANT_LOC%2010')/ET_PLANT_SEC"
		}
	}
}]