<edmx:DataServices m:DataServiceVersion="2.0">
	<Schema Namespace="YMPMO_MII_FILTER_DATA_SRV" xml:lang="en" sap:schema-version="1">
		<EntityType Name="ET_DATA_SERVICE_LIST" sap:content-version="1">
			<Key>
				<PropertyRef Name="REQUEST"/>
			</Key>
			<Property Name="REQUEST" Type="Edm.String" Nullable="false" sap:unicode="false" sap:label="REQUEST" sap:creatable="false"
				sap:updatable="false" sap:sortable="false" sap:filterable="false"/>
			<Property Name="RESPONSE" Type="Edm.String" Nullable="false" sap:unicode="false" sap:label="RESPONSE" sap:creatable="false"
				sap:updatable="false" sap:sortable="false" sap:filterable="false"/>
		</EntityType>
		<EntityType Name="ET_DETAILS" sap:content-version="1">
			<Key>
				<PropertyRef Name="EXPRESSION_ID"/>
			</Key>
			<Property Name="PLANT" Type="Edm.String" sap:unicode="false" sap:label="PLANT" sap:creatable="false" sap:sortable="false"/>
			<Property Name="EQUIPMENT" Type="Edm.String" sap:unicode="false" sap:label="EQUIPMENT" sap:creatable="false" sap:sortable="false"/>
			<Property Name="EQUIPMENT_DESC" Type="Edm.String" sap:unicode="false" sap:label="EQUIPMENT_DESC" sap:creatable="false" sap:sortable="false"/>
			<Property Name="STATUS" Type="Edm.String" sap:unicode="false" sap:label="STATUS" sap:creatable="false" sap:sortable="false"/>
			<Property Name="EXPRESSION" Type="Edm.String" sap:unicode="false" sap:label="EXPRESSION" sap:creatable="false" sap:sortable="false"
				sap:filterable="false"/>
			<Property Name="STATE" Type="Edm.String" sap:unicode="false" sap:label="STATE" sap:creatable="false" sap:sortable="false"/>
			<Property Name="MEASUR_POINT" Type="Edm.String" sap:unicode="false" sap:label="MEASUR_POINT" sap:creatable="false" sap:sortable="false"/>
			<Property Name="MEASUR_POINT_DESC" Type="Edm.String" sap:unicode="false" sap:label="MEASUR_POINT_DESC" sap:creatable="false"
				sap:sortable="false"/>
			<Property Name="PLANT_SEC" Type="Edm.String" sap:unicode="false" sap:label="PLANT_SEC" sap:creatable="false" sap:sortable="false"/>
			<Property Name="PLANT_LOC" Type="Edm.String" sap:unicode="false" sap:label="PLANT_LOC" sap:creatable="false" sap:sortable="false"/>
			<Property Name="FUNC_LOC" Type="Edm.String" sap:unicode="false" sap:label="FUNC_LOC" sap:creatable="false" sap:sortable="false"/>
			<Property Name="PLANNER_GRP" Type="Edm.String" sap:unicode="false" sap:label="PLANNER_GRP" sap:creatable="false" sap:sortable="false"
				sap:filterable="false"/>
			<Property Name="GARBAGE_VALUE" Type="Edm.String" sap:unicode="false" sap:label="GARBAGE_VALUE" sap:creatable="false" sap:sortable="false"
				sap:filterable="false"/>
			<Property Name="GARBAGE_CODE" Type="Edm.String" sap:unicode="false" sap:label="GARBAGE_CODE" sap:creatable="false" sap:sortable="false"
				sap:filterable="false"/>
			<Property Name="FREQUENCY" Type="Edm.String" sap:unicode="false" sap:label="FREQUENCY" sap:creatable="false" sap:sortable="false"
				sap:filterable="false"/>
			<Property Name="CREATED_BY" Type="Edm.String" sap:unicode="false" sap:label="CREATED_BY" sap:creatable="false" sap:sortable="false"
				sap:filterable="false"/>
			<Property Name="CREATE_TS" Type="Edm.String" sap:unicode="false" sap:label="CREATE_TS" sap:creatable="false" sap:sortable="false"
				sap:filterable="false"/>
			<Property Name="LST_MOD_BY" Type="Edm.String" sap:unicode="false" sap:label="LST_MOD_BY" sap:creatable="false" sap:sortable="false"
				sap:filterable="false"/>
			<Property Name="LST_MOD_TS" Type="Edm.String" sap:unicode="false" sap:label="LST_MOD_TS" sap:creatable="false" sap:sortable="false"
				sap:filterable="false"/>
			<Property Name="DELETE_TS" Type="Edm.String" sap:unicode="false" sap:label="DELETE_TS" sap:creatable="false" sap:sortable="false"
				sap:filterable="false"/>
			<Property Name="REMARKS" Type="Edm.String" sap:unicode="false" sap:label="REMARKS" sap:creatable="false" sap:sortable="false"
				sap:filterable="false"/>
			<Property Name="REASON_TXT" Type="Edm.String" sap:unicode="false" sap:label="REASON_TXT" sap:creatable="false" sap:sortable="false"
				sap:filterable="false"/>
			<Property Name="APPROVER_NAME" Type="Edm.String" sap:unicode="false" sap:label="APPROVER_NAME" sap:creatable="false" sap:sortable="false"
				sap:filterable="false"/>
			<Property Name="APPROVER_TS" Type="Edm.String" sap:unicode="false" sap:label="APPROVER_TS" sap:creatable="false" sap:sortable="false"
				sap:filterable="false"/>
			<Property Name="UI_STATUS" Type="Edm.String" sap:unicode="false" sap:label="UI_STATUS" sap:creatable="false" sap:sortable="false"
				sap:filterable="false"/>
			<Property Name="UI_STATE" Type="Edm.String" sap:unicode="false" sap:label="UI_STATE" sap:creatable="false" sap:sortable="false"
				sap:filterable="false"/>
			<Property Name="EXPRESSION_ID" Type="Edm.Guid" Nullable="false" sap:unicode="false" sap:label="EXPRESSION_ID" sap:creatable="false"
				sap:updatable="false" sap:sortable="false" sap:filterable="false"/>
			<Property Name="GTMIN" Type="Edm.String" sap:unicode="false" sap:label="GTMIN" sap:creatable="false" sap:sortable="false"
				sap:filterable="false"/>
			<Property Name="GTMAX" Type="Edm.String" sap:unicode="false" sap:label="GTMAX" sap:creatable="false" sap:sortable="false"
				sap:filterable="false"/>
			<Property Name="DATASOURCE" Type="Edm.String" sap:unicode="false" sap:label="DATASOURCE" sap:creatable="false" sap:sortable="false"
				sap:filterable="false"/>
			<Property Name="MEASUREMENT_TYPE" Type="Edm.String" sap:unicode="false" sap:label="MEASUREMENT_TYPE" sap:creatable="false"
				sap:sortable="false" sap:filterable="false"/>
			<Property Name="COMMENTS" Type="Edm.String" sap:unicode="false" sap:label="COMMENTS" sap:creatable="false" sap:sortable="false"
				sap:filterable="false"/>
			<Property Name="UI_ERR_MSG" Type="Edm.String" sap:unicode="false" sap:label="UI_ERR_MSG" sap:creatable="false" sap:sortable="false"
				sap:filterable="false"/>
		</EntityType>
		<EntityType Name="ET_EXPR_VERSION" sap:content-version="1">
			<Key>
				<PropertyRef Name="EXPRESSION_ID"/>
			</Key>
			<Property Name="EXPRESSION_ID" Type="Edm.Guid" Nullable="false" sap:unicode="false" sap:label="EXPRESSION_ID" sap:creatable="false"
				sap:updatable="false" sap:sortable="false" sap:filterable="false"/>
			<Property Name="VERSION" Type="Edm.String" Nullable="false" MaxLength="4" sap:unicode="false" sap:label="VERSION" sap:creatable="false"
				sap:updatable="false" sap:sortable="false" sap:filterable="false"/>
			<Property Name="PLANT" Type="Edm.String" Nullable="false" MaxLength="4" sap:unicode="false" sap:label="PLANT" sap:creatable="false"
				sap:updatable="false" sap:sortable="false" sap:filterable="false"/>
			<Property Name="PLANTSECTION" Type="Edm.String" Nullable="false" MaxLength="3" sap:unicode="false" sap:label="PLANTSECTION"
				sap:creatable="false" sap:updatable="false" sap:sortable="false" sap:filterable="false"/>
			<Property Name="PLANTLOCATION" Type="Edm.String" Nullable="false" MaxLength="10" sap:unicode="false" sap:label="PLANTLOCATION"
				sap:creatable="false" sap:updatable="false" sap:sortable="false" sap:filterable="false"/>
			<Property Name="FUNCLOCATION" Type="Edm.String" Nullable="false" MaxLength="40" sap:unicode="false" sap:label="FUNCLOCATION"
				sap:creatable="false" sap:updatable="false" sap:sortable="false" sap:filterable="false"/>
			<Property Name="PLANNERGROUP" Type="Edm.String" Nullable="false" MaxLength="3" sap:unicode="false" sap:label="PLANNERGROUP"
				sap:creatable="false" sap:updatable="false" sap:sortable="false" sap:filterable="false"/>
			<Property Name="EQUIPMENT" Type="Edm.String" Nullable="false" MaxLength="18" sap:unicode="false" sap:label="EQUIPMENT" sap:creatable="false"
				sap:updatable="false" sap:sortable="false" sap:filterable="false"/>
			<Property Name="EQUIPMENTDESC" Type="Edm.String" Nullable="false" MaxLength="40" sap:unicode="false" sap:label="EQUIPMENTDESC"
				sap:creatable="false" sap:updatable="false" sap:sortable="false" sap:filterable="false"/>
			<Property Name="MEASUREPOINT" Type="Edm.String" Nullable="false" MaxLength="12" sap:unicode="false" sap:label="MEASUREPOINT"
				sap:creatable="false" sap:updatable="false" sap:sortable="false" sap:filterable="false"/>
			<Property Name="MEASUREPDESC" Type="Edm.String" Nullable="false" MaxLength="40" sap:unicode="false" sap:label="MEASUREPDESC"
				sap:creatable="false" sap:updatable="false" sap:sortable="false" sap:filterable="false"/>
			<Property Name="OLDEXPRESSION" Type="Edm.String" Nullable="false" sap:unicode="false" sap:label="OLDEXPRESSION" sap:creatable="false"
				sap:updatable="false" sap:sortable="false" sap:filterable="false"/>
			<Property Name="NEWEXPRESSION" Type="Edm.String" Nullable="false" sap:unicode="false" sap:label="NEWEXPRESSION" sap:creatable="false"
				sap:updatable="false" sap:sortable="false" sap:filterable="false"/>
			<Property Name="GARBAGEVALUE" Type="Edm.String" Nullable="false" MaxLength="40" sap:unicode="false" sap:label="GARBAGEVALUE"
				sap:creatable="false" sap:updatable="false" sap:sortable="false" sap:filterable="false"/>
			<Property Name="GARBAGECODE" Type="Edm.String" Nullable="false" MaxLength="40" sap:unicode="false" sap:label="GARBAGECODE"
				sap:creatable="false" sap:updatable="false" sap:sortable="false" sap:filterable="false"/>
			<Property Name="EXPRESSIONSTATE" Type="Edm.String" Nullable="false" MaxLength="10" sap:unicode="false" sap:label="EXPRESSIONSTATE"
				sap:creatable="false" sap:updatable="false" sap:sortable="false" sap:filterable="false"/>
			<Property Name="EXPRESSIONSTATUS" Type="Edm.String" Nullable="false" MaxLength="10" sap:unicode="false" sap:label="EXPRESSIONSTATUS"
				sap:creatable="false" sap:updatable="false" sap:sortable="false" sap:filterable="false"/>
			<Property Name="FREQUENCY" Type="Edm.String" Nullable="false" MaxLength="8" sap:unicode="false" sap:label="FREQUENCY" sap:creatable="false"
				sap:updatable="false" sap:sortable="false" sap:filterable="false"/>
			<Property Name="CHANGEDBY" Type="Edm.String" Nullable="false" MaxLength="12" sap:unicode="false" sap:label="CHANGEDBY" sap:creatable="false"
				sap:updatable="false" sap:sortable="false" sap:filterable="false"/>
			<Property Name="TIMESTAMP" Type="Edm.String" Nullable="false" MaxLength="26" sap:unicode="false" sap:label="TIMESTAMP" sap:creatable="false"
				sap:updatable="false" sap:sortable="false" sap:filterable="false"/>
			<Property Name="REASONTEXT" Type="Edm.String" Nullable="false" MaxLength="255" sap:unicode="false" sap:label="REASONTEXT"
				sap:creatable="false" sap:updatable="false" sap:sortable="false" sap:filterable="false"/>
			<Property Name="COMMENTS" Type="Edm.String" Nullable="false" MaxLength="255" sap:unicode="false" sap:label="COMMENTS" sap:creatable="false"
				sap:updatable="false" sap:sortable="false" sap:filterable="false"/>
		</EntityType>
		<EntityType Name="EI_DBDETAILS" sap:content-version="1">
			<Key>
				<PropertyRef Name="DBNAME"/>
			</Key>
			<Property Name="DBNAME" Type="Edm.String" Nullable="false" MaxLength="10" sap:unicode="false" sap:label="Database Name"
				sap:creatable="false" sap:updatable="false" sap:sortable="false" sap:filterable="false"/>
			<Property Name="DBDESCRIPTION" Type="Edm.String" Nullable="false" MaxLength="40" sap:unicode="false" sap:label="Description"
				sap:creatable="false" sap:updatable="false" sap:sortable="false" sap:filterable="false"/>
			<Property Name="SHOWAGGRIGATION" Type="Edm.String" Nullable="false" MaxLength="1" sap:unicode="false" sap:label="SHOWAGGRIGATION"
				sap:creatable="false" sap:updatable="false" sap:sortable="false" sap:filterable="false"/>
		</EntityType>
		<EntityType Name="ET_PLANT" sap:content-version="1">
			<Key>
				<PropertyRef Name="PLANT"/>
			</Key>
			<Property Name="PLANT" Type="Edm.String" Nullable="false" sap:unicode="false" sap:label="PLANT" sap:creatable="false" sap:updatable="false"
				sap:sortable="false"/>
			<Property Name="PLANT_DESC" Type="Edm.String" Nullable="false" sap:unicode="false" sap:label="PLANT_DESC" sap:creatable="false"
				sap:updatable="false" sap:sortable="false"/>
			<NavigationProperty Name="NavPlantToEquipment" Relationship="YMPMO_MII_FILTER_DATA_SRV.AssPlantToEquipment"
				FromRole="FromRole_AssPlantToEquipment" ToRole="ToRole_AssPlantToEquipment"/>
			<NavigationProperty Name="NavPlantToFunctLoc" Relationship="YMPMO_MII_FILTER_DATA_SRV.AssPlantToFunctLoc"
				FromRole="FromRole_AssPlantToFunctLoc" ToRole="ToRole_AssPlantToFunctLoc"/>
			<NavigationProperty Name="NavPlantToPlannerGrp" Relationship="YMPMO_MII_FILTER_DATA_SRV.AssPlantToPlannerGrp"
				FromRole="FromRole_AssPlantToPlannerGrp" ToRole="ToRole_AssPlantToPlannerGrp"/>
			<NavigationProperty Name="NavPlantToPlantLocation" Relationship="YMPMO_MII_FILTER_DATA_SRV.AssPlantToPlantLocation"
				FromRole="FromRole_AssPlantToPlantLocation" ToRole="ToRole_AssPlantToPlantLocation"/>
			<NavigationProperty Name="NavPlantToPlantSection" Relationship="YMPMO_MII_FILTER_DATA_SRV.AssPlantToPlantSection"
				FromRole="FromRole_AssPlantToPlantSection" ToRole="ToRole_AssPlantToPlantSection"/>
		</EntityType>
		<EntityType Name="ET_PLANT_SEC" sap:content-version="1">
			<Key>
				<PropertyRef Name="PLANT"/>
				<PropertyRef Name="PLANT_SEC"/>
			</Key>
			<Property Name="PLANT" Type="Edm.String" Nullable="false" sap:unicode="false" sap:label="PLANT" sap:creatable="false" sap:updatable="false"
				sap:sortable="false"/>
			<Property Name="PLANT_SEC" Type="Edm.String" Nullable="false" sap:unicode="false" sap:label="PLANT_SEC" sap:creatable="false"
				sap:updatable="false" sap:sortable="false"/>
			<Property Name="PLANT_SEC_DESC" Type="Edm.String" Nullable="false" sap:unicode="false" sap:label="PLANT_SEC_DESC" sap:creatable="false"
				sap:updatable="false" sap:sortable="false" sap:filterable="false"/>
			<NavigationProperty Name="NavPlantSecToPlantLoc" Relationship="YMPMO_MII_FILTER_DATA_SRV.AssPlantSecToPlantLoc"
				FromRole="FromRole_AssPlantSecToPlantLoc" ToRole="ToRole_AssPlantSecToPlantLoc"/>
			<NavigationProperty Name="NavPlantSectionToEquipment" Relationship="YMPMO_MII_FILTER_DATA_SRV.AssPlantSectionToEquipment"
				FromRole="FromRole_AssPlantSectionToEquipment" ToRole="ToRole_AssPlantSectionToEquipment"/>
			<NavigationProperty Name="NavPlantSectionToFuncLocation" Relationship="YMPMO_MII_FILTER_DATA_SRV.AssPlantSectionToFuncLocation"
				FromRole="FromRole_AssPlantSectionToFuncLocation" ToRole="ToRole_AssPlantSectionToFuncLocation"/>
		</EntityType>
		<EntityType Name="ET_PLANT_LOC" sap:content-version="1">
			<Key>
				<PropertyRef Name="PLANT"/>
				<PropertyRef Name="PLANT_LOC"/>
			</Key>
			<Property Name="PLANT" Type="Edm.String" Nullable="false" sap:unicode="false" sap:label="PLANT" sap:creatable="false" sap:updatable="false"
				sap:sortable="false"/>
			<Property Name="PLANT_SEC" Type="Edm.String" Nullable="false" sap:unicode="false" sap:label="PLANT_SEC" sap:creatable="false"
				sap:updatable="false" sap:sortable="false"/>
			<Property Name="PLANT_LOC" Type="Edm.String" Nullable="false" sap:unicode="false" sap:label="PLANT_LOC" sap:creatable="false"
				sap:updatable="false" sap:sortable="false"/>
			<Property Name="PLANT_LOC_DESC" Type="Edm.String" Nullable="false" sap:unicode="false" sap:label="PLANT_LOC_DESC" sap:creatable="false"
				sap:updatable="false" sap:sortable="false" sap:filterable="false"/>
			<NavigationProperty Name="ET_PLANT_SEC" Relationship="YMPMO_MII_FILTER_DATA_SRV.AssPlantSecToPlantLoc"
				FromRole="ToRole_AssPlantSecToPlantLoc" ToRole="FromRole_AssPlantSecToPlantLoc"/>
			<NavigationProperty Name="NavPlantLocationToFuncLocation" Relationship="YMPMO_MII_FILTER_DATA_SRV.AssPlantLocationToFuncLocation"
				FromRole="FromRole_AssPlantLocationToFuncLocation" ToRole="ToRole_AssPlantLocationToFuncLocation"/>
			<NavigationProperty Name="NavPlantLocationToEquipment" Relationship="YMPMO_MII_FILTER_DATA_SRV.AssPlantLocationToEquipment"
				FromRole="FromRole_AssPlantLocationToEquipment" ToRole="ToRole_AssPlantLocationToEquipment"/>
		</EntityType>
		<EntityType Name="ET_FUNCT_LOC" sap:content-version="1">
			<Key>
				<PropertyRef Name="PLANT"/>
				<PropertyRef Name="PLANT_SEC"/>
				<PropertyRef Name="PLANT_LOC"/>
			</Key>
			<Property Name="PLANT" Type="Edm.String" Nullable="false" sap:unicode="false" sap:label="PLANT" sap:creatable="false" sap:updatable="false"
				sap:sortable="false"/>
			<Property Name="PLANT_SEC" Type="Edm.String" Nullable="false" sap:unicode="false" sap:label="PLANT_SEC" sap:creatable="false"
				sap:updatable="false" sap:sortable="false"/>
			<Property Name="PLANT_LOC" Type="Edm.String" Nullable="false" sap:unicode="false" sap:label="PLANT_LOC" sap:creatable="false"
				sap:updatable="false" sap:sortable="false"/>
			<Property Name="FUNC_LOC" Type="Edm.String" Nullable="false" sap:unicode="false" sap:label="FUNC_LOC" sap:creatable="false"
				sap:updatable="false" sap:sortable="false"/>
			<Property Name="FUNC_LOC_DESC" Type="Edm.String" Nullable="false" sap:unicode="false" sap:label="FUNC_LOC_DESC" sap:creatable="false"
				sap:updatable="false" sap:sortable="false" sap:filterable="false"/>
			<NavigationProperty Name="NavFuncLocationToEquipment" Relationship="YMPMO_MII_FILTER_DATA_SRV.AssFuncLocationToEquipment"
				FromRole="FromRole_AssFuncLocationToEquipment" ToRole="ToRole_AssFuncLocationToEquipment"/>
		</EntityType>
		<EntityType Name="ET_PLANNER_GRP" sap:content-version="1">
			<Key>
				<PropertyRef Name="PLANT"/>
				<PropertyRef Name="PLANNER_GRP"/>
			</Key>
			<Property Name="PLANT" Type="Edm.String" Nullable="false" sap:unicode="false" sap:label="PLANT" sap:creatable="false" sap:updatable="false"
				sap:sortable="false"/>
			<Property Name="PLANT_SEC" Type="Edm.String" Nullable="false" sap:unicode="false" sap:label="PLANT_SEC" sap:creatable="false"
				sap:updatable="false" sap:sortable="false"/>
			<Property Name="PLANT_LOC" Type="Edm.String" Nullable="false" sap:unicode="false" sap:label="PLANT_LOC" sap:creatable="false"
				sap:updatable="false" sap:sortable="false"/>
			<Property Name="FUNC_LOC" Type="Edm.String" Nullable="false" sap:unicode="false" sap:label="FUNC_LOC" sap:creatable="false"
				sap:updatable="false" sap:sortable="false"/>
			<Property Name="PLANNER_GRP" Type="Edm.String" Nullable="false" sap:unicode="false" sap:label="PLANNER_GRP" sap:creatable="false"
				sap:updatable="false" sap:sortable="false"/>
			<Property Name="PLANNER_GRP_DESC" Type="Edm.String" Nullable="false" sap:unicode="false" sap:label="PLANNER_GRP_DESC" sap:creatable="false"
				sap:updatable="false" sap:sortable="false" sap:filterable="false"/>
		</EntityType>
		<EntityType Name="ET_EQUIPMENT" sap:content-version="1">
			<Key>
				<PropertyRef Name="PLANT"/>
				<PropertyRef Name="PLANT_SEC"/>
				<PropertyRef Name="PLANT_LOC"/>
				<PropertyRef Name="FUNC_LOC"/>
			</Key>
			<Property Name="PLANT" Type="Edm.String" Nullable="false" sap:unicode="false" sap:label="PLANT" sap:creatable="false" sap:updatable="false"
				sap:sortable="false"/>
			<Property Name="PLANT_SEC" Type="Edm.String" Nullable="false" sap:unicode="false" sap:label="PLANT_SEC" sap:creatable="false"
				sap:updatable="false" sap:sortable="false"/>
			<Property Name="PLANT_LOC" Type="Edm.String" Nullable="false" sap:unicode="false" sap:label="PLANT_LOC" sap:creatable="false"
				sap:updatable="false" sap:sortable="false"/>
			<Property Name="FUNC_LOC" Type="Edm.String" Nullable="false" sap:unicode="false" sap:label="FUNC_LOC" sap:creatable="false"
				sap:updatable="false" sap:sortable="false"/>
			<Property Name="PLANNER_GRP" Type="Edm.String" Nullable="false" sap:unicode="false" sap:label="PLANNER_GRP" sap:creatable="false"
				sap:updatable="false" sap:sortable="false"/>
			<Property Name="EQUIPMENT" Type="Edm.String" Nullable="false" sap:unicode="false" sap:label="EQUIPMENT" sap:creatable="false"
				sap:updatable="false" sap:sortable="false"/>
			<Property Name="EQUIPMENT_DESC" Type="Edm.String" Nullable="false" sap:unicode="false" sap:label="EQUIPMENT_DESC" sap:creatable="false"
				sap:updatable="false" sap:sortable="false" sap:filterable="false"/>
			<NavigationProperty Name="NavEquipmentToDetails" Relationship="YMPMO_MII_FILTER_DATA_SRV.AssEquipmentToDetails"
				FromRole="FromRole_AssEquipmentToDetails" ToRole="ToRole_AssEquipmentToDetails"/>
			<NavigationProperty Name="NavEquipmentToMeasuringPoint" Relationship="YMPMO_MII_FILTER_DATA_SRV.AssEquipmentToMeasuringPoint"
				FromRole="FromRole_AssEquipmentToMeasuringPoint" ToRole="ToRole_AssEquipmentToMeasuringPoint"/>
		</EntityType>
		<EntityType Name="ET_MEASURE_POINT" sap:content-version="1">
			<Key>
				<PropertyRef Name="EQUIPMENT"/>
			</Key>
			<Property Name="PLANT" Type="Edm.String" Nullable="false" sap:unicode="false" sap:label="PLANT" sap:creatable="false" sap:updatable="false"
				sap:sortable="false"/>
			<Property Name="PLANT_SEC" Type="Edm.String" Nullable="false" sap:unicode="false" sap:label="PLANT_SEC" sap:creatable="false"
				sap:updatable="false" sap:sortable="false"/>
			<Property Name="PLANT_LOC" Type="Edm.String" Nullable="false" sap:unicode="false" sap:label="PLANT_LOC" sap:creatable="false"
				sap:updatable="false" sap:sortable="false"/>
			<Property Name="FUNC_LOC" Type="Edm.String" Nullable="false" sap:unicode="false" sap:label="FUNC_LOC" sap:creatable="false"
				sap:updatable="false" sap:sortable="false"/>
			<Property Name="PLANNER_GRP" Type="Edm.String" Nullable="false" sap:unicode="false" sap:label="PLANNER_GRP" sap:creatable="false"
				sap:updatable="false" sap:sortable="false"/>
			<Property Name="EQUIPMENT" Type="Edm.String" Nullable="false" sap:unicode="false" sap:label="EQUIPMENT" sap:creatable="false"
				sap:updatable="false" sap:sortable="false"/>
			<Property Name="MEASUR_POINT" Type="Edm.String" Nullable="false" sap:unicode="false" sap:label="MEASUR_POINT" sap:creatable="false"
				sap:updatable="false" sap:sortable="false"/>
			<Property Name="MEASUR_POINT_DESC" Type="Edm.String" Nullable="false" sap:unicode="false" sap:label="MEASUR_POINT_DESC"
				sap:creatable="false" sap:updatable="false" sap:sortable="false" sap:filterable="false"/>
			<NavigationProperty Name="NavMeasuringPointToDetails" Relationship="YMPMO_MII_FILTER_DATA_SRV.AssMeasuringPointToDetails"
				FromRole="FromRole_AssMeasuringPointToDetails" ToRole="ToRole_AssMeasuringPointToDetails"/>
		</EntityType>
		<EntityType Name="ET_GARBAGE" sap:content-version="1">
			<Key>
				<PropertyRef Name="CODE"/>
				<PropertyRef Name="CODEGROUP"/>
			</Key>
			<Property Name="DESCRIPTION" Type="Edm.String" Nullable="false" sap:unicode="false" sap:label="DESCRIPTION" sap:creatable="false"
				sap:updatable="false" sap:sortable="false" sap:filterable="false"/>
			<Property Name="CODE" Type="Edm.String" Nullable="false" sap:unicode="false" sap:label="CODE" sap:creatable="false" sap:updatable="false"
				sap:sortable="false" sap:filterable="false"/>
			<Property Name="CODEGROUP" Type="Edm.String" Nullable="false" sap:unicode="false" sap:label="CODEGROUP" sap:creatable="false"
				sap:updatable="false" sap:sortable="false" sap:filterable="false"/>
		</EntityType>
		<EntityType Name="ET_MII_DATA_LIST" sap:content-version="1">
			<Key>
				<PropertyRef Name="PARAM0"/>
			</Key>
			<Property Name="PARAM0" Type="Edm.String" Nullable="false" sap:unicode="false" sap:label="PARAM0" sap:creatable="false"
				sap:updatable="false" sap:sortable="false" sap:filterable="false"/>
			<Property Name="PARAM1" Type="Edm.String" Nullable="false" sap:unicode="false" sap:label="PARAM1" sap:creatable="false"
				sap:updatable="false" sap:sortable="false" sap:filterable="false"/>
			<Property Name="PARAM2" Type="Edm.String" Nullable="false" sap:unicode="false" sap:label="PARAM2" sap:creatable="false"
				sap:updatable="false" sap:sortable="false" sap:filterable="false"/>
			<Property Name="PARAM3" Type="Edm.String" Nullable="false" sap:unicode="false" sap:label="PARAM3" sap:creatable="false"
				sap:updatable="false" sap:sortable="false" sap:filterable="false"/>
			<Property Name="PARAM4" Type="Edm.String" Nullable="false" sap:unicode="false" sap:label="PARAM4" sap:creatable="false"
				sap:updatable="false" sap:sortable="false" sap:filterable="false"/>
			<Property Name="PARAM5" Type="Edm.String" Nullable="false" sap:unicode="false" sap:label="PARAM5" sap:creatable="false"
				sap:updatable="false" sap:sortable="false" sap:filterable="false"/>
			<Property Name="PARAM6" Type="Edm.String" Nullable="false" sap:unicode="false" sap:label="PARAM6" sap:creatable="false"
				sap:updatable="false" sap:sortable="false" sap:filterable="false"/>
			<Property Name="PARAM7" Type="Edm.String" Nullable="false" sap:unicode="false" sap:label="PARAM7" sap:creatable="false"
				sap:updatable="false" sap:sortable="false" sap:filterable="false"/>
			<Property Name="PARAM8" Type="Edm.String" Nullable="false" sap:unicode="false" sap:label="PARAM8" sap:creatable="false"
				sap:updatable="false" sap:sortable="false" sap:filterable="false"/>
			<Property Name="PARAM9" Type="Edm.String" Nullable="false" sap:unicode="false" sap:label="PARAM9" sap:creatable="false"
				sap:updatable="false" sap:sortable="false" sap:filterable="false"/>
			<Property Name="PARAM10" Type="Edm.String" Nullable="false" sap:unicode="false" sap:label="PARAM10" sap:creatable="false"
				sap:updatable="false" sap:sortable="false" sap:filterable="false"/>
			<Property Name="PARAM11" Type="Edm.String" Nullable="false" sap:unicode="false" sap:label="PARAM11" sap:creatable="false"
				sap:updatable="false" sap:sortable="false" sap:filterable="false"/>
			<Property Name="PARAM12" Type="Edm.String" Nullable="false" sap:unicode="false" sap:label="PARAM12" sap:creatable="false"
				sap:updatable="false" sap:sortable="false" sap:filterable="false"/>
			<Property Name="PARAM13" Type="Edm.String" Nullable="false" sap:unicode="false" sap:label="PARAM13" sap:creatable="false"
				sap:updatable="false" sap:sortable="false" sap:filterable="false"/>
			<Property Name="RET_DATA" Type="Edm.String" Nullable="false" sap:unicode="false" sap:label="RET_DATA" sap:creatable="false"
				sap:updatable="false" sap:sortable="false" sap:filterable="false"/>
		</EntityType>
		<Association Name="AssPlantLocationToEquipment" sap:content-version="1">
			<End Type="YMPMO_MII_FILTER_DATA_SRV.ET_PLANT_LOC" Multiplicity="1" Role="FromRole_AssPlantLocationToEquipment"/>
			<End Type="YMPMO_MII_FILTER_DATA_SRV.ET_EQUIPMENT" Multiplicity="*" Role="ToRole_AssPlantLocationToEquipment"/>
			<ReferentialConstraint>
				<Principal Role="FromRole_AssPlantLocationToEquipment">
					<PropertyRef Name="PLANT_LOC"/>
					<PropertyRef Name="PLANT"/>
				</Principal>
				<Dependent Role="ToRole_AssPlantLocationToEquipment">
					<PropertyRef Name="PLANT_LOC"/>
					<PropertyRef Name="PLANT"/>
				</Dependent>
			</ReferentialConstraint>
		</Association>
		<Association Name="AssPlantLocationToFuncLocation" sap:content-version="1">
			<End Type="YMPMO_MII_FILTER_DATA_SRV.ET_PLANT_LOC" Multiplicity="1" Role="FromRole_AssPlantLocationToFuncLocation"/>
			<End Type="YMPMO_MII_FILTER_DATA_SRV.ET_FUNCT_LOC" Multiplicity="1" Role="ToRole_AssPlantLocationToFuncLocation"/>
			<ReferentialConstraint>
				<Principal Role="FromRole_AssPlantLocationToFuncLocation">
					<PropertyRef Name="PLANT"/>
					<PropertyRef Name="PLANT_LOC"/>
				</Principal>
				<Dependent Role="ToRole_AssPlantLocationToFuncLocation">
					<PropertyRef Name="PLANT"/>
					<PropertyRef Name="PLANT_LOC"/>
				</Dependent>
			</ReferentialConstraint>
		</Association>
		<Association Name="AssMeasuringPointToDetails" sap:content-version="1">
			<End Type="YMPMO_MII_FILTER_DATA_SRV.ET_MEASURE_POINT" Multiplicity="1" Role="FromRole_AssMeasuringPointToDetails"/>
			<End Type="YMPMO_MII_FILTER_DATA_SRV.ET_DETAILS" Multiplicity="*" Role="ToRole_AssMeasuringPointToDetails"/>
			<ReferentialConstraint>
				<Principal Role="FromRole_AssMeasuringPointToDetails">
					<PropertyRef Name="EQUIPMENT"/>
				</Principal>
				<Dependent Role="ToRole_AssMeasuringPointToDetails">
					<PropertyRef Name="EQUIPMENT"/>
				</Dependent>
			</ReferentialConstraint>
		</Association>
		<Association Name="AssPlantToPlantLocation" sap:content-version="1" sap:label="PLANT">
			<End Type="YMPMO_MII_FILTER_DATA_SRV.ET_PLANT" Multiplicity="1" Role="FromRole_AssPlantToPlantLocation"/>
			<End Type="YMPMO_MII_FILTER_DATA_SRV.ET_PLANT_LOC" Multiplicity="*" Role="ToRole_AssPlantToPlantLocation"/>
			<ReferentialConstraint>
				<Principal Role="FromRole_AssPlantToPlantLocation">
					<PropertyRef Name="PLANT"/>
				</Principal>
				<Dependent Role="ToRole_AssPlantToPlantLocation">
					<PropertyRef Name="PLANT"/>
				</Dependent>
			</ReferentialConstraint>
		</Association>
		<Association Name="AssPlantToPlannerGrp" sap:content-version="1" sap:label="PLANT">
			<End Type="YMPMO_MII_FILTER_DATA_SRV.ET_PLANT" Multiplicity="1" Role="FromRole_AssPlantToPlannerGrp"/>
			<End Type="YMPMO_MII_FILTER_DATA_SRV.ET_PLANNER_GRP" Multiplicity="*" Role="ToRole_AssPlantToPlannerGrp"/>
			<ReferentialConstraint>
				<Principal Role="FromRole_AssPlantToPlannerGrp">
					<PropertyRef Name="PLANT"/>
				</Principal>
				<Dependent Role="ToRole_AssPlantToPlannerGrp">
					<PropertyRef Name="PLANT"/>
				</Dependent>
			</ReferentialConstraint>
		</Association>
		<Association Name="AssPlantToFunctLoc" sap:content-version="1" sap:label="PLANT">
			<End Type="YMPMO_MII_FILTER_DATA_SRV.ET_PLANT" Multiplicity="1" Role="FromRole_AssPlantToFunctLoc"/>
			<End Type="YMPMO_MII_FILTER_DATA_SRV.ET_FUNCT_LOC" Multiplicity="*" Role="ToRole_AssPlantToFunctLoc"/>
			<ReferentialConstraint>
				<Principal Role="FromRole_AssPlantToFunctLoc">
					<PropertyRef Name="PLANT"/>
				</Principal>
				<Dependent Role="ToRole_AssPlantToFunctLoc">
					<PropertyRef Name="PLANT"/>
				</Dependent>
			</ReferentialConstraint>
		</Association>
		<Association Name="AssPlantToEquipment" sap:content-version="1" sap:label="PLANT">
			<End Type="YMPMO_MII_FILTER_DATA_SRV.ET_PLANT" Multiplicity="1" Role="FromRole_AssPlantToEquipment"/>
			<End Type="YMPMO_MII_FILTER_DATA_SRV.ET_EQUIPMENT" Multiplicity="*" Role="ToRole_AssPlantToEquipment"/>
			<ReferentialConstraint>
				<Principal Role="FromRole_AssPlantToEquipment">
					<PropertyRef Name="PLANT"/>
				</Principal>
				<Dependent Role="ToRole_AssPlantToEquipment">
					<PropertyRef Name="PLANT"/>
				</Dependent>
			</ReferentialConstraint>
		</Association>
		<Association Name="AssPlantToPlantSection" sap:content-version="1" sap:label="PLANT">
			<End Type="YMPMO_MII_FILTER_DATA_SRV.ET_PLANT" Multiplicity="1" Role="FromRole_AssPlantToPlantSection"/>
			<End Type="YMPMO_MII_FILTER_DATA_SRV.ET_PLANT_SEC" Multiplicity="*" Role="ToRole_AssPlantToPlantSection"/>
			<ReferentialConstraint>
				<Principal Role="FromRole_AssPlantToPlantSection">
					<PropertyRef Name="PLANT"/>
				</Principal>
				<Dependent Role="ToRole_AssPlantToPlantSection">
					<PropertyRef Name="PLANT"/>
				</Dependent>
			</ReferentialConstraint>
		</Association>
		<Association Name="AssEquipmentToDetails" sap:content-version="1">
			<End Type="YMPMO_MII_FILTER_DATA_SRV.ET_EQUIPMENT" Multiplicity="1" Role="FromRole_AssEquipmentToDetails"/>
			<End Type="YMPMO_MII_FILTER_DATA_SRV.ET_DETAILS" Multiplicity="*" Role="ToRole_AssEquipmentToDetails"/>
			<ReferentialConstraint>
				<Principal Role="FromRole_AssEquipmentToDetails">
					<PropertyRef Name="PLANT"/>
					<PropertyRef Name="PLANT_SEC"/>
					<PropertyRef Name="PLANT_LOC"/>
					<PropertyRef Name="FUNC_LOC"/>
				</Principal>
				<Dependent Role="ToRole_AssEquipmentToDetails">
					<PropertyRef Name="PLANT"/>
					<PropertyRef Name="PLANT_SEC"/>
					<PropertyRef Name="PLANT_LOC"/>
					<PropertyRef Name="FUNC_LOC"/>
				</Dependent>
			</ReferentialConstraint>
		</Association>
		<Association Name="AssEquipmentToMeasuringPoint" sap:content-version="1">
			<End Type="YMPMO_MII_FILTER_DATA_SRV.ET_EQUIPMENT" Multiplicity="1" Role="FromRole_AssEquipmentToMeasuringPoint"/>
			<End Type="YMPMO_MII_FILTER_DATA_SRV.ET_MEASURE_POINT" Multiplicity="*" Role="ToRole_AssEquipmentToMeasuringPoint"/>
			<ReferentialConstraint>
				<Principal Role="FromRole_AssEquipmentToMeasuringPoint">
					<PropertyRef Name="PLANT"/>
					<PropertyRef Name="PLANT_LOC"/>
					<PropertyRef Name="PLANT_SEC"/>
					<PropertyRef Name="FUNC_LOC"/>
				</Principal>
				<Dependent Role="ToRole_AssEquipmentToMeasuringPoint">
					<PropertyRef Name="PLANT"/>
					<PropertyRef Name="PLANT_LOC"/>
					<PropertyRef Name="PLANT_SEC"/>
					<PropertyRef Name="FUNC_LOC"/>
				</Dependent>
			</ReferentialConstraint>
		</Association>
		<Association Name="AssFuncLocationToEquipment" sap:content-version="1">
			<End Type="YMPMO_MII_FILTER_DATA_SRV.ET_FUNCT_LOC" Multiplicity="1" Role="FromRole_AssFuncLocationToEquipment"/>
			<End Type="YMPMO_MII_FILTER_DATA_SRV.ET_EQUIPMENT" Multiplicity="*" Role="ToRole_AssFuncLocationToEquipment"/>
			<ReferentialConstraint>
				<Principal Role="FromRole_AssFuncLocationToEquipment">
					<PropertyRef Name="PLANT_LOC"/>
					<PropertyRef Name="PLANT_SEC"/>
					<PropertyRef Name="PLANT"/>
				</Principal>
				<Dependent Role="ToRole_AssFuncLocationToEquipment">
					<PropertyRef Name="PLANT_LOC"/>
					<PropertyRef Name="PLANT_SEC"/>
					<PropertyRef Name="PLANT"/>
				</Dependent>
			</ReferentialConstraint>
		</Association>
		<Association Name="AssPlantSectionToFuncLocation" sap:content-version="1">
			<End Type="YMPMO_MII_FILTER_DATA_SRV.ET_PLANT_SEC" Multiplicity="1" Role="FromRole_AssPlantSectionToFuncLocation"/>
			<End Type="YMPMO_MII_FILTER_DATA_SRV.ET_FUNCT_LOC" Multiplicity="1" Role="ToRole_AssPlantSectionToFuncLocation"/>
			<ReferentialConstraint>
				<Principal Role="FromRole_AssPlantSectionToFuncLocation">
					<PropertyRef Name="PLANT"/>
					<PropertyRef Name="PLANT_SEC"/>
				</Principal>
				<Dependent Role="ToRole_AssPlantSectionToFuncLocation">
					<PropertyRef Name="PLANT"/>
					<PropertyRef Name="PLANT_SEC"/>
				</Dependent>
			</ReferentialConstraint>
		</Association>
		<Association Name="AssPlantSectionToEquipment" sap:content-version="1">
			<End Type="YMPMO_MII_FILTER_DATA_SRV.ET_PLANT_SEC" Multiplicity="1" Role="FromRole_AssPlantSectionToEquipment"/>
			<End Type="YMPMO_MII_FILTER_DATA_SRV.ET_EQUIPMENT" Multiplicity="*" Role="ToRole_AssPlantSectionToEquipment"/>
			<ReferentialConstraint>
				<Principal Role="FromRole_AssPlantSectionToEquipment">
					<PropertyRef Name="PLANT_SEC"/>
					<PropertyRef Name="PLANT"/>
				</Principal>
				<Dependent Role="ToRole_AssPlantSectionToEquipment">
					<PropertyRef Name="PLANT_SEC"/>
					<PropertyRef Name="PLANT"/>
				</Dependent>
			</ReferentialConstraint>
		</Association>
		<Association Name="AssPlantSecToPlantLoc" sap:content-version="1">
			<End Type="YMPMO_MII_FILTER_DATA_SRV.ET_PLANT_SEC" Multiplicity="1" Role="FromRole_AssPlantSecToPlantLoc"/>
			<End Type="YMPMO_MII_FILTER_DATA_SRV.ET_PLANT_LOC" Multiplicity="1" Role="ToRole_AssPlantSecToPlantLoc"/>
			<ReferentialConstraint>
				<Principal Role="FromRole_AssPlantSecToPlantLoc">
					<PropertyRef Name="PLANT"/>
					<PropertyRef Name="PLANT_SEC"/>
				</Principal>
				<Dependent Role="ToRole_AssPlantSecToPlantLoc">
					<PropertyRef Name="PLANT"/>
					<PropertyRef Name="PLANT_SEC"/>
				</Dependent>
			</ReferentialConstraint>
		</Association>
		<EntityContainer Name="YMPMO_MII_FILTER_DATA_SRV_Entities" m:IsDefaultEntityContainer="true" sap:supported-formats="atom json xlsx">
			<EntitySet Name="ET_DATA_SERVICE_LISTSet" EntityType="YMPMO_MII_FILTER_DATA_SRV.ET_DATA_SERVICE_LIST" sap:creatable="false"
				sap:updatable="false" sap:deletable="false" sap:pageable="false" sap:addressable="false" sap:content-version="1"/>
			<EntitySet Name="ET_DETAILSSet" EntityType="YMPMO_MII_FILTER_DATA_SRV.ET_DETAILS" sap:creatable="false" sap:updatable="false"
				sap:deletable="false" sap:pageable="false" sap:addressable="false" sap:content-version="1"/>
			<EntitySet Name="ET_EXPR_VERSIONSet" EntityType="YMPMO_MII_FILTER_DATA_SRV.ET_EXPR_VERSION" sap:creatable="false" sap:updatable="false"
				sap:deletable="false" sap:pageable="false" sap:content-version="1"/>
			<EntitySet Name="EI_DBDETAILSSet" EntityType="YMPMO_MII_FILTER_DATA_SRV.EI_DBDETAILS" sap:creatable="false" sap:updatable="false"
				sap:deletable="false" sap:pageable="false" sap:content-version="1"/>
			<EntitySet Name="ET_PLANTSet" EntityType="YMPMO_MII_FILTER_DATA_SRV.ET_PLANT" sap:creatable="false" sap:updatable="false"
				sap:deletable="false" sap:pageable="false" sap:addressable="false" sap:content-version="1"/>
			<EntitySet Name="ET_PLANT_SECSet" EntityType="YMPMO_MII_FILTER_DATA_SRV.ET_PLANT_SEC" sap:creatable="false" sap:updatable="false"
				sap:deletable="false" sap:pageable="false" sap:addressable="false" sap:content-version="1"/>
			<EntitySet Name="ET_PLANT_LOCSet" EntityType="YMPMO_MII_FILTER_DATA_SRV.ET_PLANT_LOC" sap:creatable="false" sap:updatable="false"
				sap:deletable="false" sap:pageable="false" sap:addressable="false" sap:content-version="1"/>
			<EntitySet Name="ET_FUNCT_LOCSet" EntityType="YMPMO_MII_FILTER_DATA_SRV.ET_FUNCT_LOC" sap:creatable="false" sap:updatable="false"
				sap:deletable="false" sap:pageable="false" sap:addressable="false" sap:content-version="1"/>
			<EntitySet Name="ET_PLANNER_GRPSet" EntityType="YMPMO_MII_FILTER_DATA_SRV.ET_PLANNER_GRP" sap:creatable="false" sap:updatable="false"
				sap:deletable="false" sap:pageable="false" sap:addressable="false" sap:content-version="1"/>
			<EntitySet Name="ET_EQUIPMENTSet" EntityType="YMPMO_MII_FILTER_DATA_SRV.ET_EQUIPMENT" sap:creatable="false" sap:updatable="false"
				sap:deletable="false" sap:pageable="false" sap:addressable="false" sap:content-version="1"/>
			<EntitySet Name="ET_MEASURE_POINTSet" EntityType="YMPMO_MII_FILTER_DATA_SRV.ET_MEASURE_POINT" sap:creatable="false" sap:updatable="false"
				sap:deletable="false" sap:pageable="false" sap:addressable="false" sap:content-version="1"/>
			<EntitySet Name="ET_GARBAGESet" EntityType="YMPMO_MII_FILTER_DATA_SRV.ET_GARBAGE" sap:creatable="false" sap:updatable="false"
				sap:deletable="false" sap:pageable="false" sap:addressable="false" sap:content-version="1"/>
			<EntitySet Name="ET_MII_DATA_LISTSet" EntityType="YMPMO_MII_FILTER_DATA_SRV.ET_MII_DATA_LIST" sap:creatable="false" sap:updatable="false"
				sap:deletable="false" sap:pageable="false" sap:addressable="false" sap:content-version="1"/>
			<AssociationSet Name="AssPlantSecToPlantLocSet" Association="YMPMO_MII_FILTER_DATA_SRV.AssPlantSecToPlantLoc" sap:creatable="false"
				sap:updatable="false" sap:deletable="false" sap:content-version="1">
				<End EntitySet="ET_PLANT_SECSet" Role="FromRole_AssPlantSecToPlantLoc"/>
				<End EntitySet="ET_PLANT_LOCSet" Role="ToRole_AssPlantSecToPlantLoc"/>
			</AssociationSet>
			<AssociationSet Name="AssPlantToEquipmentSet" Association="YMPMO_MII_FILTER_DATA_SRV.AssPlantToEquipment" sap:creatable="false"
				sap:updatable="false" sap:deletable="false" sap:content-version="1">
				<End EntitySet="ET_PLANTSet" Role="FromRole_AssPlantToEquipment"/>
				<End EntitySet="ET_EQUIPMENTSet" Role="ToRole_AssPlantToEquipment"/>
			</AssociationSet>
			<AssociationSet Name="AssMeasuringPointToDetailsSet" Association="YMPMO_MII_FILTER_DATA_SRV.AssMeasuringPointToDetails"
				sap:creatable="false" sap:updatable="false" sap:deletable="false" sap:content-version="1">
				<End EntitySet="ET_MEASURE_POINTSet" Role="FromRole_AssMeasuringPointToDetails"/>
				<End EntitySet="ET_DETAILSSet" Role="ToRole_AssMeasuringPointToDetails"/>
			</AssociationSet>
			<AssociationSet Name="AssPlantToPlannerGrpSet" Association="YMPMO_MII_FILTER_DATA_SRV.AssPlantToPlannerGrp" sap:creatable="false"
				sap:updatable="false" sap:deletable="false" sap:content-version="1">
				<End EntitySet="ET_PLANTSet" Role="FromRole_AssPlantToPlannerGrp"/>
				<End EntitySet="ET_PLANNER_GRPSet" Role="ToRole_AssPlantToPlannerGrp"/>
			</AssociationSet>
			<AssociationSet Name="AssEquipmentToMeasuringPointSet" Association="YMPMO_MII_FILTER_DATA_SRV.AssEquipmentToMeasuringPoint"
				sap:creatable="false" sap:updatable="false" sap:deletable="false" sap:content-version="1">
				<End EntitySet="ET_EQUIPMENTSet" Role="FromRole_AssEquipmentToMeasuringPoint"/>
				<End EntitySet="ET_MEASURE_POINTSet" Role="ToRole_AssEquipmentToMeasuringPoint"/>
			</AssociationSet>
			<AssociationSet Name="AssPlantToPlantLocationSet" Association="YMPMO_MII_FILTER_DATA_SRV.AssPlantToPlantLocation" sap:creatable="false"
				sap:updatable="false" sap:deletable="false" sap:content-version="1">
				<End EntitySet="ET_PLANTSet" Role="FromRole_AssPlantToPlantLocation"/>
				<End EntitySet="ET_PLANT_LOCSet" Role="ToRole_AssPlantToPlantLocation"/>
			</AssociationSet>
			<AssociationSet Name="AssEquipmentToDetailsSet" Association="YMPMO_MII_FILTER_DATA_SRV.AssEquipmentToDetails" sap:creatable="false"
				sap:updatable="false" sap:deletable="false" sap:content-version="1">
				<End EntitySet="ET_EQUIPMENTSet" Role="FromRole_AssEquipmentToDetails"/>
				<End EntitySet="ET_DETAILSSet" Role="ToRole_AssEquipmentToDetails"/>
			</AssociationSet>
			<AssociationSet Name="AssPlantSectionToFuncLocationSet" Association="YMPMO_MII_FILTER_DATA_SRV.AssPlantSectionToFuncLocation"
				sap:creatable="false" sap:updatable="false" sap:deletable="false" sap:content-version="1">
				<End EntitySet="ET_PLANT_SECSet" Role="FromRole_AssPlantSectionToFuncLocation"/>
				<End EntitySet="ET_FUNCT_LOCSet" Role="ToRole_AssPlantSectionToFuncLocation"/>
			</AssociationSet>
			<AssociationSet Name="AssPlantLocationToEquipmentSet" Association="YMPMO_MII_FILTER_DATA_SRV.AssPlantLocationToEquipment"
				sap:creatable="false" sap:updatable="false" sap:deletable="false" sap:content-version="1">
				<End EntitySet="ET_PLANT_LOCSet" Role="FromRole_AssPlantLocationToEquipment"/>
				<End EntitySet="ET_EQUIPMENTSet" Role="ToRole_AssPlantLocationToEquipment"/>
			</AssociationSet>
			<AssociationSet Name="AssPlantLocationToFuncLocationSet" Association="YMPMO_MII_FILTER_DATA_SRV.AssPlantLocationToFuncLocation"
				sap:creatable="false" sap:updatable="false" sap:deletable="false" sap:content-version="1">
				<End EntitySet="ET_PLANT_LOCSet" Role="FromRole_AssPlantLocationToFuncLocation"/>
				<End EntitySet="ET_FUNCT_LOCSet" Role="ToRole_AssPlantLocationToFuncLocation"/>
			</AssociationSet>
			<AssociationSet Name="AssPlantSectionToEquipmentSet" Association="YMPMO_MII_FILTER_DATA_SRV.AssPlantSectionToEquipment"
				sap:creatable="false" sap:updatable="false" sap:deletable="false" sap:content-version="1">
				<End EntitySet="ET_PLANT_SECSet" Role="FromRole_AssPlantSectionToEquipment"/>
				<End EntitySet="ET_EQUIPMENTSet" Role="ToRole_AssPlantSectionToEquipment"/>
			</AssociationSet>
			<AssociationSet Name="AssFuncLocationToEquipmentSet" Association="YMPMO_MII_FILTER_DATA_SRV.AssFuncLocationToEquipment"
				sap:creatable="false" sap:updatable="false" sap:deletable="false" sap:content-version="1">
				<End EntitySet="ET_FUNCT_LOCSet" Role="FromRole_AssFuncLocationToEquipment"/>
				<End EntitySet="ET_EQUIPMENTSet" Role="ToRole_AssFuncLocationToEquipment"/>
			</AssociationSet>
			<AssociationSet Name="AssPlantToFunctLocSet" Association="YMPMO_MII_FILTER_DATA_SRV.AssPlantToFunctLoc" sap:creatable="false"
				sap:updatable="false" sap:deletable="false" sap:content-version="1">
				<End EntitySet="ET_PLANTSet" Role="FromRole_AssPlantToFunctLoc"/>
				<End EntitySet="ET_FUNCT_LOCSet" Role="ToRole_AssPlantToFunctLoc"/>
			</AssociationSet>
			<AssociationSet Name="AssPlantToPlantSectionSet" Association="YMPMO_MII_FILTER_DATA_SRV.AssPlantToPlantSection" sap:creatable="false"
				sap:updatable="false" sap:deletable="false" sap:content-version="1">
				<End EntitySet="ET_PLANTSet" Role="FromRole_AssPlantToPlantSection"/>
				<End EntitySet="ET_PLANT_SECSet" Role="ToRole_AssPlantToPlantSection"/>
			</AssociationSet>
		</EntityContainer>
		<atom:link rel="self" href="https://176.0.7.8:8000/sap/opu/odata/sap/YMPMO_MII_FILTER_DATA_SRV/$metadata"/>
		<atom:link rel="latest-version" href="https://176.0.7.8:8000/sap/opu/odata/sap/YMPMO_MII_FILTER_DATA_SRV/$metadata"/>
	</Schema>
</edmx:DataServices>