<core:FragmentDefinition xmlns="sap.m" xmlns:core="sap.ui.core">
	<TableSelectDialog noDataText="No Equipment Found" title="Select Equipment" search="handleEquipmentSearch"
		confirm="handleEquipmentValueHelpClose" growing="true"
	    growingThreshold="10"
	    growingScrollToLoad="true" items="{/ET_EQUIPMENTSet}">
		<columns>
			<Column width="12em">
				<header>
					<Text text="Planner Group"/>
				</header>
			</Column>
			<Column minScreenWidth="Tablet" demandPopin="true">
				<header>
					<Text text="Equipment"/>
				</header>
			</Column>
			<Column minScreenWidth="Tablet" demandPopin="true">
				<header>
					<Text text="Description"/>
				</header>
			</Column>
		</columns>
		<items>
			<ColumnListItem>
				<cells>
					<Text text="{PLANNER_GRP}"/>
					<ObjectIdentifier title="{EQUIPMENT}"/>
					<Text text="{EQUIPMENT_DESC}"/>
				</cells>
			</ColumnListItem>
		</items>
	</TableSelectDialog>
</core:FragmentDefinition>