<core:FragmentDefinition xmlns="sap.m" xmlns:core="sap.ui.core">
	<TableSelectDialog noDataText="No Function Location Found" title="Select Function Location" search="handleFunctionLocationSearch"
		confirm="handleFunctionLocationValueHelpClose" growing="true"
	    growingThreshold="10"
	    growingScrollToLoad="true" items="{/ET_FUNCT_LOCSet}">
		<columns>
			<Column>
				<header>
					<Text text="Plant"/>
				</header>
			</Column>
			<Column minScreenWidth="Tablet" demandPopin="true">
				<header>
					<Text text="Plant Section"/>
				</header>
			</Column>
			<Column minScreenWidth="Tablet" demandPopin="true">
				<header>
					<Text text="Plant Location"/>
				</header>
			</Column>
			<Column minScreenWidth="Tablet" demandPopin="true">
				<header>
					<Text text="Function Location"/>
				</header>
			</Column>
			<Column minScreenWidth="Tablet" demandPopin="true">
				<header>
					<Text text="Description"/>
				</header>
			</Column>
		</columns>
		<items>
			<ColumnListItem>
				<cells>
					<Text text="{PLANT}"/>
					<Text text="{PLANT_SEC}"/>
					<Text text="{PLANT_LOC}"/>
					<ObjectIdentifier title="{FUNC_LOC}"/>
					<Text text="{FUNC_LOC_DESC}"/>
				</cells>
			</ColumnListItem>
		</items>
	</TableSelectDialog>
</core:FragmentDefinition>