<core:FragmentDefinition xmlns="sap.m" xmlns:core="sap.ui.core">
	<TableSelectDialog noDataText="No Measure Point Found" title="Select Measure Point" search="handleMeasurePointSearch"
		confirm="handleMeasurePointValueHelpClose" growing="true"
	    growingThreshold="10"
	    growingScrollToLoad="true" items="{/ET_MEASURE_POINTSet}">
		<columns>
			<Column width="12em">
				<header>
					<Text text="Equipment"/>
				</header>
			</Column>
			<Column minScreenWidth="Tablet" demandPopin="true">
				<header>
					<Text text="Measure Point"/>
				</header>
			</Column>
			<Column minScreenWidth="Tablet" demandPopin="true">
				<header>
					<Text text="Description"/>
				</header>
			</Column>
		</columns>
		<items>
			<ColumnListItem>
				<cells>
					<Text text="{EQUIPMENT}"/>
					<ObjectIdentifier title="{MEASUR_POINT}"/>
					<Text text="{MEASUR_POINT_DESC}"/>
				</cells>
			</ColumnListItem>
		</items>
	</TableSelectDialog>
</core:FragmentDefinition>