<core:FragmentDefinition
	xmlns="sap.m"
	xmlns:core="sap.ui.core">
	<TableSelectDialog
		noDataText="No Plant Found"
		title="Select Plant"
		search="handlePlantSearch"
		confirm="handlePlantValueHelpClose"
		growing="true"
	    growingThreshold="10"
	    growingScrollToLoad="true"
		items="{
			path : '/ET_PLANTSet'
		}">
		<columns>
			<Column width="12em">
				<header>
					<Text text="Key" />
				</header>
			</Column>
			<Column
				minScreenWidth="Tablet"
				demandPopin="true" >
				<header>
					<Text text="Description" />
				</header>
			</Column>
		</columns>
		<ColumnListItem>
			<cells>
				<ObjectIdentifier
					title="{PLANT}"
					/>
				<Text text="{PLANT_DESC}" />
			</cells>
		</ColumnListItem>
	</TableSelectDialog>
</core:FragmentDefinition>