<core:FragmentDefinition xmlns="sap.m" xmlns:core="sap.ui.core" xmlns:f="sap.ui.layout.form" xmlns:l="sap.ui.layout">
	<Dialog class="sapUiContentPadding" title="Expression details" stretch="jQuery.device.is.phone">
		<content>
			<f:SimpleForm editable="true" layout="ResponsiveGridLayout" labelSpanXL="3" labelSpanL="3" labelSpanM="3" labelSpanS="6"
				adjustLabelSpan="false" emptySpanXL="4" emptySpanL="4" emptySpanM="4" emptySpanS="0" columnsXL="1" columnsL="1" columnsM="1"
				singleContainerFullSize="true">
				<f:content>
					<Label text="EXPRESSION ID"></Label>
					<Text text="{EXPRESSION_ID}"></Text>
					<Label text="Plant"></Label>
					<Text text="{PLANT}"></Text>
					<Label text="Plant Section" class=""></Label>
					<Text text="{PLANT_SEC}"></Text>
					<Label text="Plant Location" class=""></Label>
					<Text text="{PLANT_LOC}"></Text>
					<Label text="Function Location" class=""></Label>
					<Text text="{FUNC_LOC}"></Text>
					<Label text="Planner Group" class=""></Label>
					<Text text="{PLANNER_GRP}"></Text>
					<Label text="Equipment" class=""></Label>
					<Text text="{EQUIPMENT}"></Text>
					<Label class="" text="Garbage Code"></Label>
					<Text text="{GARBAGE_CODE}"></Text>
					<Label class="" text="Measurement type"></Label>
					<Text text="{MEASUREMENT_TYPE}"></Text>
					<Label  text="Data Source" class=""></Label>
					<Text text="{DATASOURCE}"></Text>
					<Label text="Frequency" class=""></Label>
					<Text text="{FREQUENCY} mins"></Text>
					<Label text="Measuring Point" class=""></Label>
					<Text text="{MEASUR_POINT}"></Text>
					<Label text="Garbage Threshold Min" class=""></Label>
					<Text text="{GTMIN}"></Text>
					<Label text="Garbage Threshold Max" class=""></Label>
					<Text text="{GTMAX}"></Text>
					<Label text="Description" class=""></Label>
					<Text text="{REMARKS}"></Text>
					<Label text="Created Date" class=""></Label>
					<Text text="{path : 'CREATE_TS', formatter : '.formatter.formatDateStr'}"></Text>
					<Label text="Last Modified Date" class=""></Label>
					<Text text="{path : 'LST_MOD_TS', formatter : '.formatter.formatDateStr'}"></Text>
					<Label  text="State" class=""></Label>
					<Text text="{STATE}"></Text>
					<Label text="Status" class=""></Label>
					<Text text="{STATUS}"></Text>
					<Label text="Expression" class=""></Label>
					<Text text="{ path : 'EXPRESSION', formatter : '.formatter.expressionValue'}"></Text>
				</f:content>
			</f:SimpleForm>
			<f:SimpleForm editable="true" layout="ResponsiveGridLayout" labelSpanXL="3" labelSpanL="3" labelSpanM="3" labelSpanS="6"
				adjustLabelSpan="false" emptySpanXL="4" emptySpanL="4" emptySpanM="4" emptySpanS="0" columnsXL="1" columnsL="1" columnsM="1"
				singleContainerFullSize="true">
				<f:toolbar>
					<Toolbar id="TB1">
						<Title id="Title1" text="History Details" level="H4" titleStyle="H4"/>
						<ToolbarSpacer/>
						<!--<Button icon="sap-icon://add-employee" text="Add" tooltip="{i18n>addUserText}" press="handleAddUserPress">
							<layoutData>
								<OverflowToolbarLayoutData priority="NeverOverflow"/>
							</layoutData>
						</Button>-->
					</Toolbar>
				</f:toolbar>
				<f:content>
					<List id="cmtlist2" showSeparators="Inner" items="{ path:'/ET_EXPR_VERSIONSet', sorter:{path: 'VERSION', descending: 'true'} }">
						<items>
								<FeedListItem id="cmtfeeditem2" icon="sap-icon://personnel-view" sender="{CHANGED_BY}" text="{COMMENTS}" info="v.{VERSION} {EXPRESSION_STATE} {path:'EXPRESSION_STATE', formatter:'.formatter.getParticiple'} {APPROVER_NAME} on"
								timestamp="{path: 'TIMESTAMP', formatter: '.formatter.formatDateStr'}" maxCharacters="50" type="Active"/>
						</items>
					</List>
				</f:content>
			</f:SimpleForm>
		</content>
		<buttons>
			<Button text="Cancel" press="handleCancelViewPress" type="Transparent"/>
		</buttons>
	</Dialog>
</core:FragmentDefinition>